ID;X;Y;NOMBRE;CALLE;ALTURA;REPRES_TECNICO;TELEFONO;MAIL;NOM_GEO;COMUNAS;BARRIOS;SUMI_ELECTRICO;POBLACION;GRUP_ELECT;SUMINISTR
77;-58,47849125;-34,69048377;MEGA HOME;AV FERNANDEZ DE LA CRUZ;6920;CERVERA ROBERTO HUGO;4545-7331;r_cervera@yahoo.com;6920 FERNANDEZ DE LA CRUZ, F., GRAL. AV.;COMUNA 08;VILLA RIACHUELO;EDESUR;32;NO;
497;-58,4731787;-34,67651689;EL HOGAR DE DORA;SAYOS;5554;MINOTTI CARLOS AGUSTIN;4523-4889;carlosminotti@yahoo.com.ar;5554 SAYOS;COMUNA 08;VILLA LUGANO;EDESUR;S/D;NO;CORTES PROLONGADOS LES PROVEE UN GRUPO EDESUR
108;-58,47365174;-34,67592304;ETERNA S.R.L.;AV RIESTRA;5540;MINOTTI CARLOS AGUSTIN;4523-4889;carlosminotti@yahoo.com.ar;5540 RIESTRA AV.;COMUNA 08;VILLA LUGANO;EDESUR;S/D;NO;
302;-58,50206822;-34,66582389;PARA ABUELOS MI REFUGIO SRL;GRAL EUGENIO GARZON;6870;CARNEVALE MABEL;5252-0909/15-5247-4239;arquitecta.mc@gmail.com;6870/6854 GARZON EUGENIO GENERAL;COMUNA 09;MATADEROS;EDESUR;;;
256;-58,48003531;-34,66174243;SONIA  ESTER ROA;ECHEANDIA;4987;CARNEVALE MABEL;5252-0909/15-5247-4239;arquitecta.mc@gmail.com;4987 ECHEANDIA;COMUNA 08;VILLA LUGANO;EDESUR;;;
347;-58,44218601;-34,66131978;RES. GER. LA CASA DE MAMA;JOSE MARTI;3133;LIZASO ESTEBAN;15-5057-4121;;;;;;;;
182;-58,51107502;-34,65621752;RES. GER. ELIT;CAÑADA DE GOMEZ;1721;LIZASO ESTEBAN;15-5057-4121;;;;;;;;
317;-58,48382255;-34,655841;HOGAR SAN ANDRES;GREGORIO DE LAFERRERE;5045;ADRIANA MUÑIZ;15-6155-4283;aimuniz@hotmail.com;5045/51 LAFERRERE, GREGORIO DE;COMUNA 09;MATADEROS;EDESUR;;;
470;-58,37667335;-34,65308347;SANTA ISABEL;SAN ANTONIO;948;ADRIANA MUÑIZ;15-6155-4283;aimuniz@hotmail.com;948 SAN ANTONIO;COMUNA 04;BARRACAS;EDESUR;;;
419;-58,50566769;-34,65177953;JUAN Y AGUSTINA GUEREÑO;OLIDEN;1361;LIZASO ESTEBAN;15-5057-4121;;;;;;;;
391;-58,47547265;-34,65102643;INST. GER. SAN LUCAS;MEDINA;1650;LIZASO ESTEBAN;15-5057-4121;;;;;;;;
278;-58,41805548;-34,65081993;NUEVA POMPEYA;FOURNIER;3014;LIZASO ESTEBAN;15-5057-4121;;;;;;;;
511;-58,48890686;-34,65075943;LA CASA DE AMANDA;TANDIL;4870;MINOTTI CARLOS AGUSTIN;4523-4889;carlosminotti@yahoo.com.ar;4870 TANDIL;COMUNA 09;MATADEROS;EDESUR;S/D;NO;
503;-58,50518155;-34,65024473;RES. GER. LA FE;S. GARCIA GDE DE ZEQUEIRA;6088;LIZASO ESTEBAN;15-5057-4121;;;;;;;;
488;-58,38033937;-34,64981812;GER. CASA GRANDE;SANTA MAGDALENA;615;ADRIANA MUÑIZ;15-6155-4283;aimuniz@hotmail.com;615/17 SANTA MAGDALENA;COMUNA 04;BARRACAS;EDESUR;;;
73;-58,50992632;-34,64945809;GER. VERCIAN S.R.L.;AV EMILIO CASTRO;6262;ROMAGNOLI;4301-6695;;;;;;;;
469;-58,37817075;-34,64937263;CENTRO INTEGRAL DE GERIATRIA SRL;SAN ANTONIO;611;RIZZO MAXIMILIANO RAI;4632-6031;inspeccioninmuebles@yahoo.com.ar;611 SAN ANTONIO;COMUNA 04;BARRACAS;EDESUR;;;
176;-58,3826012;-34,64913011;LE SA;CALIFORNIA;2580;STEIZEL ARIEL;15-4972-9889;ariel@gruposh.com.ar;2580 CALIFORNIA;COMUNA 04;BARRACAS;EDESUR;;;
371;-58,51789947;-34,64891465;MI SEGUNDO HOGAR;LISANDRO DE LA TORRE;938;MINOTTI CARLOS AGUSTIN;4523-4889;carlosminotti@yahoo.com.ar;938 DE LA TORRE, LISANDRO;COMUNA 09;LINIERS;EDESUR;S/D;NO;
85;-58,37335655;-34,64831799;RINCON DEL SUR;AV IRIARTE;1756;STEIZEL ARIEL;15-4972-9889;ariel@gruposh.com.ar;1756 IRIARTE, GRAL. AV.;COMUNA 04;BARRACAS;EDESUR;;;
171;-58,51920656;-34,64747128;GER. SERENA;CAAGUAZU;6656;PELAEZ ALBERTO MANUEL;4922-7065;consultora@apelaez.com.ar;6656 CAAGUAZU;COMUNA 09;LINIERS;EDESUR;;;
172;-58,51885953;-34,64599493;SAN NICOLAS;CAFAYATE;643;HERMIDA DIEGO RODOLFO;15-6520-6678;diego_hermida72@yahoo.com.ar;643 CAFAYATE;COMUNA 09;LINIERS;EDESUR;11;NO;
529;-58,52753804;-34,64486404;HOGAR SAN NICOLAS;TUYUTI;7220;HERMIDA DIEGO RODOLFO;15-6520-6678;diego_hermida72@yahoo.com.ar;7220 TUYUTI;COMUNA 09;LINIERS;EDESUR;13;NO;
94;-58,47546215;-34,64477406;GER. NUEVO HORIZONTE;AV LACARRA;1152;MINOTTI CARLOS AGUSTIN;4523-4889;carlosminotti@yahoo.com.ar;1152 LACARRA AV.;COMUNA 09;PARQUE AVELLANEDA;EDESUR;S/D;NO;
403;-58,48642797;-34,6447548;HERMANITAS DE LOS  ANCIANOS DESAMPARADOS;MORETO;767;RAICH GUSTAVO CLAUDIO;15-5157-5716;g_raich@yahoo.com.ar;767 MORETO;COMUNA 09;PARQUE AVELLANEDA;EDESUR;;;
418;-58,51439896;-34,64467608;HOGAR MI ESPERANZA;OLIDEN;576;ADRIANA MUÑIZ;15-6155-4283;aimuniz@hotmail.com;576 OLIDEN;COMUNA 09;LINIERS;EDESUR;;;
481;-58,47553363;-34,6440524;ESTABLECIMIENTO GER. STELLA MARIS;SAN PEDRO;4060;PEREYRA MIGUEL ANGEL;4482-1521;miguel_pereyra@yahoo.com;4060 SAN PEDRO;COMUNA 09;PARQUE AVELLANEDA;EDESUR;;;
236;-58,49054585;-34,64392057;SANTA ANA;DAMASOLARRAÑAGA;640;LEIVA DAMIAN MARCELO;15-5039-3308;damianmarceloleiva@yahoo.com.ar;640LARRAÑAGA, DAMASO;COMUNA 09;PARQUE AVELLANEDA;EDESUR;;;
81;-58,52876973;-34,64384981;PATRICIA LEONOR FARIAS;AV GRAL. PAZ;11000;CALBO PABLO DANIEL;4782-3356/15-5503-7304;ingpablocalbo@yahoo.com.ar;11000 PAZ, GRAL. AV.;COMUNA 09;LINIERS;EDENOR;;;
363;-58,51175216;-34,64380458;NTRA SEÑORA DE LUJAN S.R.L;LARRAZABAL;451;ADRIANA MUÑIZ;15-6155-4283;aimuniz@hotmail.com;451 LARRAZABAL;COMUNA 09;LINIERS;EDESUR;;;
170;-58,51473339;-34,64360061;ESTABLECIMIENTO GER.;CAAGUAZU;6144;LIZASO ESTEBAN;15-5057-4121;;;;;;;;
443;-58,46837205;-34,64343762;RES. PARA LA 3RA EDAD EMUNA S. R. L.;PERGAMINO;1044;CERIMEDO CARLOS ALFREDO;15-6274-9504;ingcerimedoutnfrba@yahoo.com.ar;1044 PERGAMINO;COMUNA 09;PARQUE AVELLANEDA;EDESUR;;;
480;-58,47431895;-34,64320326;GAVILAN;SAN PEDRO;3958;ADRIANA MUÑIZ;15-6155-4283;aimuniz@hotmail.com;3958 SAN PEDRO;COMUNA 09;PARQUE AVELLANEDA;EDESUR;;;
447;-58,51504337;-34,6425865;HOGAR SAN NICOLAS;PIERES;238;HERMIDA DIEGO RODOLFO;15-6520-6678;diego_hermida72@yahoo.com.ar;238 PIERES;COMUNA 09;LINIERS;EDESUR;14;NO;
133;-58,46479669;-34,64227346;SAN AGUSTIN;B. FERNANDEZ MORENOV;3214;LIZASO ESTEBAN;15-5057-4121;;;;;;;;
362;-58,47650296;-34,64218753;NUESTROS ABUELOS;LAGUNA;852;LIZASO ESTEBAN;15-5057-4121;;;;;;;;
281;-58,47068481;-34,64211644;GER. HOGARES CANADAS SRL;FRANCISCO BILBAO;3533;ADRIANA MUÑIZ;15-6155-4283;aimuniz@hotmail.com;3533 BILBAO, FRANCISCO;COMUNA 09;PARQUE AVELLANEDA;EDESUR;;;
386;-58,47445555;-34,64202351;GER. HERIBERTO ROMAN MERCADO ROMERO;MARTINEZ CASTRO;828;VACA VILLARROEL MAURO HUGO;15-5041-0924;vacavi@uolsinectis.com.ar;828 MARTINEZ CASTRO;COMUNA 09;PARQUE AVELLANEDA;EDESUR;;;
95;-58,46283632;-34,64190749;ESTABLECIMIENTO GER. LAFUENTE;AV LAFUENTE;961;CERVERA ROBERTO HUGO;4545-7331;r_cervera@yahoo.com;961/63 LAFUENTE AV.;COMUNA 07;FLORES;EDESUR;32;NO;
12;-58,50734604;-34,64187652;RES. GER. HOGAR DEL CARMEN;ALBARIÑO;360;GOMEZ DANIEL ALBERTO;15-655-3612;;;;;;;;
337;-58,52721645;-34,6416194;GUSTAVO OMAR CANOSA GER. NTRA SRA DE LUJAN;IBARROLA;7177;LIZASO ESTEBAN;15-5057-4121;;;;;;;;
310;-58,37375304;-34,64048465;SANTA LUCIA DE J. ANGEL WOLOSZYN;GRAL.G. ARAOZ DE LAMADRID;1561;LEIVA DAMIAN MARCELO;15-5039-3308;damianmarceloleiva@yahoo.com.ar;1561 ARAOZ DE LAMADRID, GREGORIO, GRAL.;COMUNA 04;BARRACAS;EDESUR;;;
174;-58,49322733;-34,64035569;RES. GER. LAS ROSAS;CAJARAVILLA;4721;LIZASO ESTEBAN;15-5057-4121;;;;;;;;
509;-58,47720645;-34,64034845;MARGARITA ESPINOZA;TANDIL;3824;ESPINOSA JOSE CARLOS;15-6050-7553;ing.josecespinosa@gmail.com;3824 TANDIL;COMUNA 09;PARQUE AVELLANEDA;EDESUR;;;
89;-58,48495466;-34,63990299;LA FAMILIA;AV JUAN BAUTISTA ALBERDI;4205;ABUIN RAI HECTOR;15-5962-6013;raul_abuin@yahoo.com.ar;4205/09 ALBERDI, JUAN BAUTISTA AV.;COMUNA 10;VELEZ SARSFIELD;EDESUR;;;CAMBIO DE REPRESENTANTE TECNICO
348;-58,4686843;-34,63976521;RES. DI SALVO;JOSE MARTI;718;ROVENZANO SERGIO;15-5155-0741;higieneyseguridadslr@yahoo.com.ar;718/22 MARTI, JOSE;COMUNA 07;FLORES;EDESUR;;;
408;-58,42242944;-34,63972947;SAN MARCOS;MUÑIZ;2175;ADRIANA MUÑIZ;15-6155-4283;aimuniz@hotmail.com;2175 MUÑIZ;COMUNA 05;BOEDO;EDESUR;;;
528;-58,51413132;-34,63968607;TUYU;TUYU;36;MINOTTI CARLOS AGUSTIN;4523-4889;carlosminotti@yahoo.com.ar;36 TUYU;COMUNA 09;LINIERS;EDESUR;S/D;SI;CUBRE LAS NECESIDADES BASICAS DEL ESTABLECIMIENTO
51;-58,41770587;-34,63925616;GER. CASEROS 3746;AV CASEROS;3746;CERVERA ROBERTO HUGO;4545-7331;r_cervera@yahoo.com;3746 CASEROS AV.;COMUNA 04;NUEVA POMPEYA;EDESUR;20;NO;
259;-58,43497;-34,63910647;GER. DE OMAR EZEQUIEL BONINO;EL ARTESANO;1251;FEBRERO LUCIANO;15-6471-4621/3968-1325;lucianofebrero@gmail.com;1251 EL ARTESANO;COMUNA 07;PARQUE CHACABUCO;EDESUR;;;
379;-58,49922657;-34,63898325;HOGAR MIS ABUELAS;MANZONI;121;MINOTTI CARLOS AGUSTIN;4523-4889;carlosminotti@yahoo.com.ar;121 MANZONI;COMUNA 10;VILLA LURO;EDESUR;S/D;NO;
449;-58,47055578;-34,63850365;SANTA ROSA;PORTELA;571;LIZASO ESTEBAN;15-5057-4121;;;;;;;;
381;-58,47671915;-34,63848525;EL JARDIN DE LA ARMONIA;MARIANO ACOSTA;515;BOURET CARLOS;4631-8409;cabouret@gmail.com;515 ACOSTA, MARIANO;COMUNA 09;PARQUE AVELLANEDA;EDESUR;;;
110;-58,50506404;-34,63830792;LUCAS MARTIN PONTILLO;AV RIVADAVIA;10040;CLEIMAN DEMIAN;4833-5900;info@ehsweb.com.ar;10040 RIVADAVIA AV.;COMUNA 10;VILLA LURO;EDESUR;;;
467;-58,50611651;-34,63790476;JAVIER ORLANDO RIZZO;RUIZ DE LOS LLANOS;52;FEBRERO LUCIANO;15-6471-4621/3968-1325;lucianofebrero@gmail.com;52 RUIZ DE LOS LLANOS;COMUNA 10;VILLA LURO;EDESUR;;;
61;-58,44516531;-34,63752533;HOGAR PARA MAYORES SAN PANTALEON;AV CURAPALIGUE;1316;CASALINUOVO JOSE NICOLAS;4766-4926;jncasalinuovo@hotmail.com;1316 CURAPALIGUE AV.;COMUNA 07;PARQUE CHACABUCO;EDESUR;;;
117;-58,46666266;-34,63727232;RENACER;AV SAN PEDRITO;558;CARNEVALE MABEL;5252-0909/15-5247-4239;arquitecta.mc@gmail.com;558 SAN PEDRITO AV.;COMUNA 07;FLORES;EDESUR;;;
450;-58,47112023;-34,63720351;GONIGRA S.R.L.;PORTELA;447;MATIAS SUSANA G.;15-5998-5840;;;;;;;;
50;-58,40623665;-34,6371868;SAN PATRICIO;AV CASEROS;3031;MINOTTI CARLOS AGUSTIN;4523-4889;carlosminotti@yahoo.com.ar;3031/35 CASEROS AV.;COMUNA 04;PARQUE PATRICIOS;EDESUR;S/D;NO;
303;-58,37647315;-34,63711933;CELINA RENEE FABRYKANT;GRAL HORNOS;902;MINOTTI CARLOS AGUSTIN;4523-4889;carlosminotti@yahoo.com.ar;902 HORNOS, GRAL.;COMUNA 04;BARRACAS;EDESUR;S/D;NO;
489;-58,44305076;-34,63693047;RES. MONTERREY III;SANTANDER;1634;MINOTTI CARLOS AGUSTIN;4523-4889;carlosminotti@yahoo.com.ar;1634 SANTANDER;COMUNA 07;PARQUE CHACABUCO;EDESUR;S/D;NO;
366;-58,45350188;-34,63615486;RINCONCITO DE LUZ;LAUTARO;845;PICK PATRICIA;15-4400-0847;;;;;;;;
198;-58,49536769;-34,63579641;TUYU II;CERVANTES;128;MINOTTI CARLOS AGUSTIN;4523-4889;carlosminotti@yahoo.com.ar;128 CERVANTES;COMUNA 10;VILLA LURO;EDESUR;S/D;NO;
382;-58,48028743;-34,6356839;ANTUAL S.R.L;MARIANO ACOSTA;171;CARNEVALE MABEL;5252-0909/15-5247-4239;arquitecta.mc@gmail.com;171 ACOSTA, MARIANO;COMUNA 10;VELEZ SARSFIELD;EDESUR;;;
31;-58,3703897;-34,63566264;RES. GER. BARRACAS;ARISTOBULO DEL VALLE;1244;ZABALA CHTISTIAN RAM;15-6752-3481/3530-5894;trabajandoconseguridad@gmail.com;1244 VALLE, ARISTOBULO DEL;COMUNA 04;BARRACAS;EDESUR;;;CAMBIO DE REPRESENTANTE TECNICO
223;-58,4832939;-34,63562717;MARIA DEL CARMEN GONZALEZ;CNEL RAMON L. FALCON;4032;LEIVA DAMIAN MARCELO;15-5039-3308;damianmarceloleiva@yahoo.com.ar;4032/36 FALCON, RAMON L.,CNEL.;COMUNA 10;VELEZ SARSFIELD;EDESUR;;;
65;-58,46681245;-34,63526942;HOGAR ANDREA;AV DIRECTORIO;2845;CERVERA ROBERTO HUGO;4545-7331;r_cervera@yahoo.com;2845 DIRECTORIO AV.;COMUNA 07;FLORES;EDESUR;19;NO;
402;-58,50268674;-34,6351127;MARIA ELENA FURIASE;MOLIERE;332;ROMERO NESTOR DANIEL;15-5961-9164;nestoromero5@yahoo.com.ar;332 MOLIERE;COMUNA 10;VILLA LURO;EDESUR;;;
468;-58,42174146;-34,63470436;GER.S PRIVADOS DON BOSCO S.R.L.;SALCEDO;4158;DIAZ CORIA BERNABE GUIDO;15-6093-4814;info@safetyargentina.com;4158 SALCEDO;COMUNA 05;BOEDO;EDESUR;26;NO;
134;-58,47701123;-34,63457151;HOGAR BARADERO;BARADERO;142;ROMAGNOLI;4301-6695;;;;;;;;
74;-58,44709236;-34,6345565;ZACAVERA;AV EVA PERON;1665;FIGUEROA MARCELO HERNAN;15-6159-9601;marherfigueroa@yagoo.com.ar;1665 PERON, EVA AV.;COMUNA 07;PARQUE CHACABUCO;EDESUR;;;
124;-58,47484647;-34,63422634;SALIM;AZUL;169;CASTRO MARIO GABRIEL;15-6496-6758;castromariog@gmail.com;169 AZUL;COMUNA 10;FLORESTA;EDESUR;;;
451;-58,47272527;-34,63361318;RES. PARA ABUELAS NADIR;PORTELA;133;LIZASO ESTEBAN;15-5057-4121;;;;;;;;
49;-58,38819192;-34,63356218;ESTABLECIMIENTO GER. CASEROS;AV CASEROS;1847;PADILLA JAVIER SANTIAGO;4961-9056;gestion@capacitarweb.com.ar;1847 CASEROS AV.;COMUNA 01;CONSTITUCION;EDESUR;;;
360;-58,46689275;-34,63344356;HOGAR SAN GENARO I;LAFUENTE;248;CASTRO MARIO GABRIEL;15-6496-6758;castromariog@gmail.com;248 LAFUENTE;COMUNA 07;FLORES;EDESUR;;;
459;-58,47016301;-34,63328661;HAYDEE ANGELICA PEREZ;QUIRNO;162;CASTA? JOSE;15-6330-0777;ingecoar@yahoo.com.ar;162/4 QUIRNO;COMUNA 07;FLORES;EDESUR;;;
67;-58,46013113;-34,63326291;RES. PARA MAYORES CARPE DIEM;AV DIRECTORIO;2363;RASTELLI NESTOR;15-4478-9660;rastellin@yahoo.com.ar;2363 DIRECTORIO AV.;COMUNA 07;FLORES;EDESUR;;;
346;-58,46347605;-34,63313369;RES. GER. DEL SOL SRL;JOSE BONIFACIO;2568;FIGUEIRAS OMAR L.;15-4579-6397/4296-0969;omarfigueiras@yahoo.com.ar;2568 BONIFACIO, JOSE;COMUNA 07;FLORES;EDESUR;;;
221;-58,47195893;-34,63298379;SAN JOSE Y MARIA;CNEL RAMON L. FALCON;3120;ADRIANA MUÑIZ;15-6155-4283;aimuniz@hotmail.com;3120 FALCON, RAMON L.,CNEL.;COMUNA 07;FLORES;EDESUR;;;
109;-58,4783299;-34,63291642;RES. GER. SAN NICOLAS;AV RIVADAVIA;8143;GOMEZ DANIEL ALBERTO;15-655-3612;;;;;;;;
442;-58,41838144;-34,63272345;RES. GER. PEREYRA;PEREYRA;1680;FEBRERO LUCIANO;15-6471-4621/3968-1325;lucianofebrero@gmail.com;1680/83 PEREYRA;COMUNA 05;BOEDO;EDESUR;;;
122;-58,42771792;-34,6326939;VERNET;AV VERNET;163;LIZASO ESTEBAN;15-5057-4121;;;;;;;;
361;-58,46747078;-34,63238516;GER. VIRGEN DE POMPEYA DE FELMA S.R.L.;LAFUENTE;153;ROMAGNOLI;4301-6695;;;;;;;;
472;-58,51052365;-34,63216579;HOGAR SAN BLAS;SAN BLAS;5550;LATAPIE LILIANA BEATRIZ;15-5414-8082;;;;;;;;
473;-58,38551728;-34,63207759;SAN JOSE SRL;SAN JOSE;2013;MINOTTI CARLOS AGUSTIN;4523-4889;carlosminotti@yahoo.com.ar;2013/17 SAN JOSE;COMUNA 01;CONSTITUCION;EDESUR;S/D;NO;
157;-58,48728794;-34,63206176;RES. GER. LA VICTORIA;BOGOTA;4241;MINOTTI CARLOS AGUSTIN;4523-4889;carlosminotti@yahoo.com.ar;4241 BOGOTA;COMUNA 10;VELEZ SARSFIELD;EDESUR;S/D;NO;
7;-58,44729524;-34,63202916;MEDALLA MILAGROSA;ACHAVAL;640;CAUMO MARIANO;4632-1736/1158;inspeccioninmuebles@yahoo.com.ar;640 ACHAVAL;COMUNA 07;PARQUE CHACABUCO;EDESUR;;;
282;-58,4522665;-34,63197646;EN CASA II;FRANCISCO BILBAO;1753;BADALUCCO MARIANO;;consultoraprevention@gmail.com;1753 BILBAO, FRANCISCO;COMUNA 07;PARQUE CHACABUCO;EDESUR;S/D;NO;
479;-58,47830243;-34,6319554;RES. GER. MI DULCE HOGAR DE ROMINA PAOLA AISEN;SAN NICOLAS;84;MINOTTI CARLOS AGUSTIN;4523-4889;carlosminotti@yahoo.com.ar;84 SAN NICOLAS;COMUNA 10;FLORESTA;EDESUR;S/D;NO;
224;-58,4684739;-34,63194255;GER. HEGLOS SRL VIDA PLENA;CNEL RAMON L. FALCON;2859;MINOTTI CARLOS AGUSTIN;4523-4889;carlosminotti@yahoo.com.ar;2859 FALCON, RAMON L.,CNEL.;COMUNA 07;FLORES;EDESUR;S/D;NO;
460;-58,47080294;-34,63186693;RES. FAMILY;QUIRNO;52;MINOTTI CARLOS AGUSTIN;4523-4889;carlosminotti@yahoo.com.ar;52 QUIRNO;COMUNA 07;FLORES;EDESUR;S/D;NO;
465;-58,46154796;-34,63183743;RES. GER. SAN JOSE;RIVERA INDARTE;249;CARO MARIO DIONISIO;5776-3475/15-4049-9605;caro@camoar.gov.ar;;;;;;;
125;-58,44401206;-34,63162792;GER. BALDOMERO DE CRISTINA TKACZIK;B.F. MORENO;1223;ROMAGNOLI;4301-6695;;;;;;;;
495;-58,48995569;-34,63156403;INST. GER. GENESIS;SARACHAGA;4467;RODRIGUEZ JOSE MARIA;15-6115-7062;josmar812003@yahoo.com.ar;4467/69 SARACHAGA;COMUNA 10;VELEZ SARSFIELD;EDESUR;;;
507;-58,37307493;-34,63126435;RES. LOPEZ MIC;TACUARI;2049;DIAZ CORIA BERNABE GUIDO;15-6093-4814;info@safetyargentina.com;2049 TACUARI;COMUNA 04;BARRACAS;EDESUR;24;NO;
15;-58,50576181;-34,63103272;RES. GER. HOGAR AGOSTINA;MAGARIÑOS CERVANTES, A.;5251;CARNEVALE MABEL;5252-0909/15-5247-4239;arquitecta.mc@gmail.com;5251 MAGARIÑOS CERVANTES, A.;COMUNA 10;VILLA LURO;EDESUR;;;
344;-58,45640292;-34,63094516;GER. DR DARDER;JOSE BONIFACIO;2040;ROMAGNOLI;4301-6695;;;;;;;;
160;-58,45857139;-34,63087548;GER. LARREA - PATRICIA ADRIANA GARCIA;BONORINO;245;ADRIANA MUÑIZ;15-6155-4283;aimuniz@hotmail.com;245/49 BONORINO, ESTEBAN, CNEL. AV.;COMUNA 07;FLORES;EDESUR;;;
46;-58,39854451;-34,63086782;GER. VILLAVERDE S.R.L.;AV BRASIL;2455;GUTIERREZ JORGE EDUARDO;15-3475-3882;jylasesores@yahoo.com.ar;2455 BRASIL AV.;COMUNA 04;PARQUE PATRICIOS;EDESUR;78;NO;
180;-58,47522276;-34,63085973;RES. GER. JULIA;CAMPANA;96;LIZASO ESTEBAN;15-5057-4121;;;;;;;;
271;-58,42917904;-34,63085368;INST. GER. TIEMPO;ESTRADA;231;CADEL ANDREA VIVIANA;4780-5554;acadel@hiseca.com.ar;231 ESTRADA;COMUNA 07;PARQUE CHACABUCO;EDESUR;;;
305;-58,47681393;-34,63085025;GER. EL OASIS;GRAL VENANCIO FLORES;3439;CUENCA GUILLERMO JUAN;4797-8032;guillermocuenca@gmail.com;3439 FLORES, VENANCIO, GRAL.;COMUNA 10;FLORESTA;EDESUR;;;
111;-58,46996723;-34,63084373;INST. GER. SAN JOSE DE FLORES S A;AV RIVADAVIA;7422;SOUTO EDUARDO;15-4141-4077;eduardosouto@speedy.com.ar;7422 RIVADAVIA AV.;COMUNA 07;FLORES;EDESUR;;;CAMBIO DE REPRESENTANTE TECNICO
437;-58,46339672;-34,63083524;PEDERNERA 130 SRL;PEDERNERA;130;PICK PATRICIA;15-4400-0847;;;;;;;;
345;-58,45619709;-34,63078301;GER. CONVIVENCIA;JOSE BONIFACIO;2015;FEDERICO SANTIAGO RAUL;4506-5101/15-5654-7317;info@naos-arquitectura.com.ar;;;;;;;
474;-58,38549053;-34,63074496;GERIMAR S.R.L.;SAN JOSE;1870;CARNEVALE MABEL;5252-0909/15-5247-4239;arquitecta.mc@gmail.com;1870 SAN JOSE;COMUNA 01;CONSTITUCION;EDESUR;;;
29;-58,47151171;-34,63056074;B.O VELAZQUEZ OMAR CITTADINI SOC. DE HECHO;ARGERICH;46;CARO MARIO DIONISIO;5776-3475/15-4049-9605;caro@camoar.gov.ar;;;;;;;
68;-58,45005275;-34,63046104;MAITOR S.R.L.;AV DIRECTORIO;1632;GERLING MARTIN SEBASTIAN;15-6993-3836;msg.safety@gmail.com;1632 DIRECTORIO AV.;COMUNA 07;PARQUE CHACABUCO;EDESUR;98;SI;HABITACIONES Y ILUMINACION A?EAS COMUNES
98;-58,50355514;-34,63040745;RES. PARA MAYORES SWEET HOME;AV LOPE DE VEGA;930;LIZASO ESTEBAN;15-5057-4121;;;;;;;;
396;-58,48473781;-34,63036782;LONG LIFE S.R.L.;MERCEDES;350;BURGOS SERGIO FABIAN;4654-8721/15-4066-4364;sfburgos@gmail.com;350 MERCEDES;COMUNA 10;FLORESTA;EDESUR;;;
405;-58,49267763;-34,63015332;INST. BELLAFAY S.R.L;MORON;4520;CERVERA ROBERTO HUGO;4545-7331;r_cervera@yahoo.com;4520 MORON;COMUNA 10;VELEZ SARSFIELD;EDESUR;65;NO;
338;-58,40121946;-34,63001493;RES. GER. ANTAÑO;INCLAN;2625;LIZASO ESTEBAN;15-5057-4121;;;;;;;;
554;-58,47129778;-34,62975742;GONIGDA S.R.L.;YERBAL;2972;CARUSO JUAN CARLOS;15-4493-9173;juanc.caruso@gmail.com;2972 YERBAL;COMUNA 07;FLORES;EDESUR;;;CAMBIO DE REPRESENTANTE TECNICO
512;-58,42168016;-34,62963774;RES. GER. SOLANGE;TARIJA;4072;ARIAS ANDRES LEONARDO;;hg_argentina@yahoo.com.ar;4072 TARIJA;COMUNA 05;BOEDO;EDESUR;S/D;NO;
238;-58,40529464;-34,62961415;RES. GER.;DEAN FUNES;1632;MINOTTI CARLOS AGUSTIN;4523-4889;carlosminotti@yahoo.com.ar;1632 DEAN FUNES;COMUNA 04;PARQUE PATRICIOS;EDESUR;;;
66;-58,44337902;-34,62946541;NTRA SEÑORA DE LOS MILAGROS;AV DIRECTORIO;1130;ROMERO NESTOR DANIEL;15-5961-9164;nestoromero5@yahoo.com.ar;1130 DIRECTORIO AV.;COMUNA 07;PARQUE CHACABUCO;EDESUR;;;
235;-58,45243574;-34,62894406;GER. CURAPALIGUE SRL;CURAPALIGUE;339;ADRIANA MUÑIZ;15-6155-4283;aimuniz@hotmail.com;339/347 CURAPALIGUE;COMUNA 07;FLORES;EDESUR;;;
308;-58,49047986;-34,62883213;GER. BUEN AYRE;GOYA;713;MINOTTI CARLOS AGUSTIN;4523-4889;carlosminotti@yahoo.com.ar;713 GOYA;COMUNA 10;VELEZ SARSFIELD;EDESUR;S/D;NO;
194;-58,41970381;-34,62875387;GER. VIDA PLENA;CASTRO;1333;GRIFFO MATIAS;15-5339-2274;mgriffo_2000@yahoo.com;1333/5 CASTRO;COMUNA 05;BOEDO;EDESUR;;;CAMBIO DE REPRESENTANTE TECNICO
163;-58,38451084;-34,62825856;GER. AVRIL;BRASIL;1314;PATRICIA PICK;15-4400-0847;patrciapick@fybertel.com.ar;1314 BRASIL;COMUNA 01;CONSTITUCION;EDESUR;;;
401;-58,49484336;-34,6281473;OLDRICK ROBERTSON;MOCTEZUMA;1010;CANCINA MIGUEL ANGEL;15-4949-9440;;;;;;;;
240;-58,37275675;-34,62788901;RES. GER. LA PLAZA;DOCTOR PROFESOR ENRIQUE FINOCHIETTO;529;ADRIANA MUÑIZ;15-6155-4283;aimuniz@hotmail.com;529 FINOCHIETTO ENRIQUE DR.;COMUNA 04;BARRACAS;EDESUR;;;
2;-58,41012028;-34,62774207;HOGAR ENTRE AMIGOS;24 DE NOVIEMBRE;1421;GRIFFO MATIAS NICOLAS;15-5339-2274;mgriffo_2000@yahoo.com;1421 24 DE NOVIEMBRE;COMUNA 03;SAN CRISTOBAL;EDESUR;;;CAMBIO DE REPRESENTANTE TECNICO
191;-58,49710173;-34,62771067;LA FUENTE;CARRASCO;933;DURANDEU LURDES;4372-9514;;;;;;;;
127;-58,467517;-34,6275662;SERVICIOS PREFERENCIALES AJ S.R.L.;BACACAY;2672;BADALUCCO MARIANO;;consultoraprevention@gmail.com;2672 BACACAY;COMUNA 07;FLORES;EDESUR;S/D;NO;
506;-58,37676502;-34,62751377;SAN FRANCISCO;TACUARI;1670;DORADO MARIA GABRIELA;15-3549-9893;gabrieldoradohys@aconra.com.ar;1670 TACUARI;COMUNA 01;CONSTITUCION;EDESUR;;;
298;-58,46023783;-34,62739265;GER. SAN GERMAN;GAVILAN;52;CARNEVALE MABEL;5252-0909/15-5247-4239;arquitecta.mc@gmail.com;52 GAVILAN;COMUNA 07;FLORES;EDESUR;;;
90;-58,38964981;-34,62726128;GER. SAN FRANCISCO DE ASIS;AV JUAN DE GARAY;1714;FEBRERO LUCIANO;15-6471-4621/3968-1325;lucianofebrero@gmail.com;1714 GARAY, JUAN DE AV.;COMUNA 01;CONSTITUCION;EDESUR;;;
128;-58,46637264;-34,62713786;SAN JORGE;BACACAY;2585;ROMAGNOLI;4301-6695;;;;;;;;
126;-58,46584914;-34,62707676;LOS PINOS;BACACAY;2550;MINOTTI CARLOS AGUSTIN;4523-4889;carlosminotti@yahoo.com.ar;2550/2 BACACAY;COMUNA 07;FLORES;EDESUR;S/D;NO;
159;-58,46675288;-34,62699969;PRESTACIONES S.A.;BOLIVIA;324;ADRIANA MUÑIZ;15-6155-4283;aimuniz@hotmail.com;324 ESTADO PLURINACIONAL DE BOLIVIA;COMUNA 07;FLORES;EDESUR;;;
193;-58,4201011;-34,62698606;CENTRO DEL SOL;CASTRO;1169;MINOTTI CARLOS AGUSTIN;4523-4889;carlosminotti@yahoo.com.ar;1169 CASTRO;COMUNA 05;BOEDO;EDESUR;S/D;NO;
153;-58,46914411;-34,62685524;DULCE ATARDECER DE NORMA HAYDEE LAUFER;BOGOTA;2756;MINOTTI CARLOS AGUSTIN;4523-4889;carlosminotti@yahoo.com.ar;2756 BOGOTA;COMUNA 07;FLORES;EDESUR;;;
100;-58,50880418;-34,62652621;HOGAR GALICIA;AV LOPE DE VEGA;1444;MIRABITO OMAR HORACIO;15-4408-7170;;;;;;;;
288;-58,45835727;-34,62624939;LA MEDALLA MILAGROSA;FRAY LUIS BELTRAN;82;CARUSO JUAN CARLOS;15-4493-9173;juanc.caruso@gmail.com;82/84 FRAY LUIS BELTRAN;COMUNA 07;FLORES;EDESUR;31;NO;
407;-58,42578573;-34,62608886;DULCE HOGAR I;MUÑIZ;1009;LIZASO ESTEBAN;15-5057-4121;;;;;;;;
553;-58,45798292;-34,62577864;INST NAC DE SERV SOC PARA JUBILADOS Y PENSIONADOS;YERBAL;1953;GAETA ALBERTO;4345-1275;;;;;;;;
311;-58,46558881;-34,62574643;GER. ARTIGAS REYLE SRL;GRAL. JOSE G. DE ARTIGAS;397;MINOTTI CARLOS AGUSTIN;4523-4889;carlosminotti@yahoo.com.ar;397/395 ARTIGAS, JOSE GERVASIO, GRAL.;COMUNA 07;FLORES;EDESUR;S/D;NO;
285;-58,4640801;-34,62567605;RES. ANGELES;FRAY CAYETANO RODRIGUEZ;368;FERREYRO JUAN JOSE;15-5304-3593/15-4046-3043;juan_barragan@fibertel.com.ar;368 FRAY CAYETANO RODRIGUEZ;COMUNA 07;FLORES;EDESUR;;;
399;-58,50896547;-34,62562306;HOGAR SAN NICOLAS;MIRANDA;5269;HERMIDA DIEGO RODOLFO;15-6520-6678;diego_hermida72@yahoo.com.ar;5269 MIRANDA;COMUNA 10;MONTE CASTRO;EDESUR;24;NO;
217;-58,39514977;-34,62557428;RES. GER. SANTA BARBARA;CONSTITUCION;2150;VACA VILLARROEL MAURO;15-5041-0924;vacavi@uolsinectis.com.ar;2150 CONSTITUCION;COMUNA 03;SAN CRISTOBAL;EDESUR;;;
152;-58,4648977;-34,62552917;RECLISAN SRL;BOGOTA;2450;ADRIANA MUÑIZ;15-6155-4283;aimuniz@hotmail.com;2450 BOGOTA;COMUNA 07;FLORES;EDESUR;;;
162;-58,45758551;-34,62548669;JORGE LUIS PAZOS MIRALLES;BOYACA;114;PICK PATRICIA;15-4400-0847;;;;;;;;
312;-58,46584144;-34,62543071;ARTIGAS;GRAL. JOSE G. DE ARTIGAS;428;SOUTO EDUARDO;15-4141-4077;eduardosouto@speedy.com.ar;428 ARTIGAS, JOSE GERVASIO, GRAL.;COMUNA 07;FLORES;EDESUR;;;CAMBIO DE REPRESENTANTE TECNICO
389;-58,41462524;-34,6254281;SAGRADA FAMILIA;MAZA;1210;CUENCA GUILLERMO JUAN;4797-8032;guillermocuenca@gmail.com;1210 MAZA;COMUNA 05;BOEDO;EDESUR;;;
199;-58,49824985;-34,62542471;GER. MODELO CERVANTES S.A.;CERVANTES;4651;MINOTTI CARLOS AGUSTIN;4523-4889;carlosminotti@yahoo.com.ar;4651 CERVANTES;COMUNA 10;VELEZ SARSFIELD;EDESUR;S/D;NO;
445;-58,39727814;-34,62535906;HOGAR CASA DEL SOL - IDEAS;PICHINCHA;1372;RODRIGUEZ PABLO JAVIER;4228-7098;;;;;;;;
287;-58,45873967;-34,6252929;GER. BELTRAN;FRAY LUIS BELTRAN;165;CUENCA GUILLERMO JUAN;4797-8032;guillermocuenca@gmail.com;165 FRAY LUIS BELTRAN;COMUNA 07;FLORES;EDESUR;;;
304;-58,40874662;-34,62526972;DEL ESTE;GRAL URQUIZA;1236;;;;1236/38 URQUIZA, GRAL.;COMUNA 03;SAN CRISTOBAL;EDESUR;;;
105;-58,42769786;-34,62523303;RES. GER. PEDRO GOYENA;AV PEDRO GOYENA;38;PETRYH HORACIO RAMON;15-5809-4153/642;hl.higieneyseguridad@gmail.com;38/40 GOYENA, PEDRO AV.;COMUNA 06;CABALLITO;EDESUR;;;
107;-58,42764385;-34,62522757;RES. GER. MI NUEVO HOGAR;AV PEDRO GOYENA;34;ARIAS HORACIO ROBERTO;15-5175-2748;harias@buenosaires.gov.ar;;;;;;;
534;-58,44198332;-34,62516998;VICTORIA;VALLE;1020;LIZASO ESTEBAN;15-5057-4121;;;;;;;;
500;-58,42871553;-34,62492449;ESTABLECIMIENTO GER. DULCE HOGAR 2;SENILLOSA;677;LIZASO ESTEBAN;15-5057-4121;;;;;;;;
97;-58,51073298;-34,62491897;BUENOS AIRES HOME S.R.L.;AV LOPE DE VEGA;1619;CARNEVALE MABEL;5252-0909/15-5247-4239;arquitecta.mc@gmail.com;1619/21 LOPE DE VEGA AV.;COMUNA 10;MONTE CASTRO;EDESUR;;;
286;-58,4643145;-34,62486241;QUERENCIA DE MARIANA PEDROCCO;FRAY CAYETANO RODRIGUEZ;437;CERVERA ROBERTO HUGO;4545-7331;r_cervera@yahoo.com;437 FRAY CAYETANO RODRIGUEZ;COMUNA 07;FLORES;EDESUR;29;NO;
300;-58,46158511;-34,62476186;RES. GER. LUZ CENTER;GAVILAN;378;LEIVA DAMIAN MARCELO;15-5039-3308;damianmarceloleiva@yahoo.com.ar;378 GAVILAN;COMUNA 07;FLORES;EDESUR;;;
522;-58,42248971;-34,62466651;ASELFU S.R.L;TOTORAL;994;MARASCO JOSE ENRIQUE;4629-2905;jemarasco@hotmail.com;994 TOTORAL;COMUNA 05;BOEDO;EDESUR;33;NO;
158;-58,46779276;-34,62462544;GER. BUENOS AIRES;BOLIVIA;542;ADRIANA MUÑZ;15-6155-4283;aimuniz@hotmail.com;542 ESTADO PLURINACIONAL DE BOLIVIA;COMUNA 07;FLORES;EDESUR;;;
540;-58,4447243;-34,6245975;EN FLIA. DE MARIA CRISTINA BALLESTEROS;VICTOR MARTINEZ;241;MINOTTI CARLOS AGUSTIN;4523-4889;carlosminotti@yahoo.com.ar;241 MARTINEZ, VICTOR;COMUNA 06;CABALLITO;EDESUR;;;
400;-58,44963261;-34,62453038;GER. ST. LUCAS S.R.L;MIRO;54;MINOTTI CARLOS AGUSTIN;4523-4889;carlosminotti@yahoo.com.ar;54 MIRO;COMUNA 06;CABALLITO;EDESUR;;NO;S/D
406;-58,47360569;-34,62450332;HOGAR DE ANCIANOS MOSHABZEKENIM;MORON;2966;CASTRO MARIO GABRIEL;15-6496-6758;castromariog@gmail.com;2966/68 MORON;COMUNA 07;FLORES;EDESUR;;;
498;-58,42889786;-34,62403531;SENILLOSA;SENILLOSA;617;MINOTTI CARLOS AGUSTIN;4523-4889;carlosminotti@yahoo.com.ar;617/619 SENILLOSA;COMUNA 06;CABALLITO;EDESUR;S/D;NO;
222;-58,44715131;-34,62391565;SANTA JULIA;CNEL RAMON L. FALCON;1315;LIZASO ESTEBAN;15-5057-4121;;;;;;;;
208;-58,38910381;-34,62388413;RES. DE ANCIANOS COCHABAMBA;COCHABAMBA;1649;LIZASO ESTEBAN;15-5057-4121;;;;;;;;
210;-58,38900489;-34,62387474;COCHABAMBA;COCHABAMBA;1641;LIZASO ESTEBAN;15-5057-4121;;;;;;;;
44;-58,45869754;-34,62369494;GAVILAN ANEXO BOYACA;AV BOYACA;279;ADRIANA MUÑZ;15-6155-4283;aimuniz@hotmail.com;279 BOYACA AV.;COMUNA 07;FLORES;EDESUR;;;
335;-58,40956686;-34,62364478;SANTA PATRICIA;HUMBERTO PRIMO;3140;MINOTTI CARLOS AGUSTIN;4523-4889;carlosminotti@yahoo.com.ar;3140HUMBERTO 1;COMUNA 03;SAN CRISTOBAL;EDESUR;S/D;SI;ESTABLECIMIENTO COMPLETO
39;-58,46279673;-34,62361533;RES. OARA LA TERCERA EDAD LA CASONA DE MIS VIEJOS;AV AVELLANEDA;2258;SOCIN ADRIAN ALDO;15-6448-7041;adrian_socin@yahoo.com.ar;2258 AVELLANEDA AV.;COMUNA 07;FLORES;EDESUR;17;SI;CUBRE LA TOTALIDAD DEL ESTABLECIMIENTO
78;-58,48016291;-34,62348017;HOGAR GAONA;AV GAONA;3947;CASTRO MARIO GABRIEL;15-6496-6758;castromariog@gmail.com;3947 GAONA AV.;COMUNA 11;VILLA SANTA RITA;EDESUR;;;
372;-58,49529495;-34,62326251;GER. SAN CAYETANO;LOBOS;475;COLLADO RODRIGO;15-5893-8506;sanglarcollado@gmail.com;475 LOBOS;COMUNA 10;FLORESTA;EDESUR;;;CAMBIO DE REPRESENTANTE TECNICO
99;-58,51322015;-34,62301188;RES. GER. SAN CAYETANO;AV LOPE DE VEGA;1847;GREGORIO ANDRES;;info@consultora-crt.com.ar;1847 LOPE DE VEGA AV.;COMUNA 10;MONTE CASTRO;EDESUR;;;
334;-58,40519956;-34,62283989;PATRICIA MONICA KOSLOWSKI;HUMBERTO PRIMO;2853;MINOTTI CARLOS AGUSTIN;4523-4889;carlosminotti@yahoo.com.ar;2853HUMBERTO 1;COMUNA 03;SAN CRISTOBAL;EDESUR;;;
272;-58,47090414;-34,62258015;RES. PARA MAYORES SM CIMOLAI EVA;FELIPE VALLESE;2748;CERVERA ROBERTO HUGO;4545-7331;r_cervera@yahoo.com;2748 VALLESE, FELIPE;COMUNA 07;FLORES;EDESUR;;BAJA;CAMBIO DE REPRESENTANTE TECNICO
132;-58,36980137;-34,62257623;RES. BALCARCE;BALCARCE;1235;BUSTAMANTE HERNAN;15-4447-9111;h_aconsultores@telecentro.com.ar;1235 BALCARCE;COMUNA 01;SAN TELMO;EDESUR;;;
333;-58,40331147;-34,62253083;RES. GER. EL CALDEN;HUMBERTO PRIMO;2745;LIZASO ESTEBAN;15-5057-4121;;;;;;;;
404;-58,46631694;-34,62228576;MAURA;MORON;2432;SOUTO EDUARDO;15-4141-4077;eduardosouto@speedy.com.ar;2432 MORON;COMUNA 07;FLORES;EDESUR;;;CAMBIO DE REPRESENTANTE TECNICO
188;-58,40694196;-34,62192396;GER. SAN FRANCISCO DE ASIS;CARLOS CALVO;2965;MINOTTI CARLOS AGUSTIN;4523-4889;carlosminotti@yahoo.com.ar;2965/67 CALVO, CARLOS;COMUNA 03;SAN CRISTOBAL;EDESUR;S/D;NO;
375;-58,52931697;-34,62157019;ALICIA N SEPULVEDA;M. PORCEL DE PERALTA;1473;ROMERO NESTOR DANIEL;15-5961-9164;nestoromero5@yahoo.com.ar;1473/75 PORCEL DE PERALTA, MANUEL;COMUNA 10;VILLA REAL;EDESUR;;;
175;-58,45790106;-34,62142691;GER.S GEBEDOS SRL GUSTAVO  BOHN;CALCENA;429;ABUIN RA HECTOR;15-5962-6013;raul_abuin@yahoo.com.ar;429 CALCENA;COMUNA 07;FLORES;EDESUR;30;NO;
273;-58,46715162;-34,62131165;DAMONTE EDGARDO - RES. SAN ALBERTO S.A.;FELIPE VALLESE;2457;SOUTO EDUARDO;15-4141-4077;eduardosouto@speedy.com.ar;2457 VALLESE, FELIPE;COMUNA 07;FLORES;EDESUR;;;CAMBIO DE REPRESENTANTE TECNICO
92;-58,40282477;-34,62125758;SHEMESH;AV JUJUY;1007;COLLADO RODRIGO;15-5893-8506;sanglarcollado@gmail.com;1007 JUJUY AV.;COMUNA 03;SAN CRISTOBAL;EDESUR;;;CAMBIO DE REPRESENTANTE TECNICO
239;-58,40615017;-34,62117144;GRANNY S HOUSE SRL;DEAN FUNES;950;BARRAGAN JUAN CARLOS;;info@hsl-asociados.com.ar;950 DEAN FUNES;COMUNA 03;SAN CRISTOBAL;EDESUR;;;
547;-58,38870691;-34,62111421;RES. GER. SANTA TERESITA;VIRREY CEVALLOS;1082;ADRIANA MUÑZ;15-6155-4283;aimuniz@hotmail.com;1082/84 CEVALLOS, VIRREY;COMUNA 01;CONSTITUCION;EDESUR;;;
505;-58,37870713;-34,62108137;GER. SAN JUAN;TACUARI;1115;SUAREZ ALEJANDRO D.;15-6534-5189;ing.alejandrosuarez@yahoo.com.ar;1115 TACUARI;COMUNA 01;CONSTITUCION;EDESUR;;;
336;-58,37941922;-34,62086577;INST. GER. 9 DE JULIO;HUMBERTO PRIMO;953;LIZASO ESTEBAN;15-5057-4121;;;;;;;;
189;-58,39681785;-34,62073932;GER. SAN JOSE;CARLOS CALVO;2180;MILANESI CARLOS RODOLFO;;estudioplus@estudioplus.com.ar;2180 CALVO, CARLOS;COMUNA 03;SAN CRISTOBAL;EDESUR;;;
274;-58,46540632;-34,62072382;SERVIPREF S.R.L.;FELIPE VALLESE;2337;BADALUCCO MARIANO;;consultoraprevention@gmail.com;2337 VALLESE, FELIPE;COMUNA 07;FLORES;EDESUR;S/D;NO;
129;-58,4899991;-34,6205361;RES. PARA MAYORES B.B.;BAHIA BLANCA;1460;ADES HECTOR;4781-9460;hector.ades@gmail.com;1460 BAHIA BLANCA;COMUNA 10;FLORESTA;EDESUR;;;
43;-58,41649783;-34,62053444;COPAHUE;AV BOEDO;664;DI BENEDETTO LUIS ERNESTO;4925-1774;arquidetto@yahoo.com.ar;664 BOEDO AV.;COMUNA 05;ALMAGRO;EDESUR;S/D;NO;
41;-58,4542686;-34,62051896;AYGERES S.R.L.;AV AVELLANEDA;1625;MINOTTI CARLOS AGUSTIN;4523-4889;carlosminotti@yahoo.com.ar;1625 AVELLANEDA AV.;COMUNA 06;CABALLITO;EDESUR;S/D;NO;
397;-58,42500443;-34,62037463;AÑOS DORADOS;MEXICO;4167;LIZASO ESTEBAN;15-5057-4121;;;;;;;;
245;-58,45719814;-34,6202525;PARA MAYORES PARQUE ROSAL;DR. JUAN F. ARANGUREN;1832;BRAVO GUSTAVO RAUL;4542-6811/15-3353-4880;info@technologyprevingea.com.ar;;;;;;;
190;-58,3925396;-34,62023843;RES. GER. SAN MARTIN;CARLOS CALVO;1855;LIZASO ESTEBAN;15-5057-4121;;;;;;;;
464;-58,4372447;-34,62023114;RIGLOS;RIGLOS;135;LIZASO ESTEBAN;15-5057-4121;;;;;;;;
181;-58,50793441;-34,62015099;MIRTA GRACIELA DE CONDE;CANADA;4957;DACHEVSKY EDGARDO;15-6397-6827;egdy_7@yahoo.com.ar;4957/61 CANADA;COMUNA 10;MONTE CASTRO;EDESUR;;;
146;-58,50438644;-34,6201153;CASABLANCA;BENITO JUAREZ;2120;RODRIGUEZ BUSSI SEBASTIAN MATIAS;4992-6675;smrodriguezbussi@hotmail.com;2120 JUAREZ, BENITO;COMUNA 10;MONTE CASTRO;EDESUR;11;NO;
499;-58,42961836;-34,6199001;RES. GER. LUZ DE VIDA;SENILLOSA;324;LIZASO ESTEBAN;15-5057-4121;;;;;;;;
120;-58,45661795;-34,61989065;RENACER II;AV GRAL. DONATO ALVAREZ;505;GRIFFO MATIAS;15-5339-2274;mgriffo_2000@yahoo.com;505 ALVAREZ, DONATO, TTE. GRAL. AV.;COMUNA 06;CABALLITO;EDESUR;32;NO;
322;-58,43042131;-34,61967634;CLINICA GER. GUAYAQUIL S.A;GUAYAQUIL;143;MAGGIO FABIAN ALEJANDRO;15-5029-4566;fmaggio@speedy.com.ar;143 GUAYAQUIL;COMUNA 06;CABALLITO;EDESUR;;;
280;-58,52331225;-34,6196197;MAGLIONI ROSA LIA;FRANCISCO BAUZA;2372;MAGGIO FABIAN ALEJANDRO;15-5029-4566;fmaggio@speedy.com.ar;2372 BAUZA, FRANCISCO;COMUNA 10;VILLA REAL;EDESUR;;;
426;-58,46552894;-34,61947481;NONNI S.R.L;PAEZ;2315;ADRIANA MUÑIZ;15-6155-4283;aimuniz@hotmail.com;2315 CABA PAEZ;COMUNA 07;FLORES;EDESUR;;;
91;-58,40337394;-34,61946016;SAN S.;AV JUJUY;863;BOURET CARLOS;4631-8409;cabouret@gmail.com;863/67 JUJUY AV.;COMUNA 03;SAN CRISTOBAL;EDESUR;;;
276;-58,46113158;-34,61908601;LA CASA DE MATIAS;FELIPE VALLESE;1960;CERVERA ROBERTO HUGO;4545-7331;r_cervera@yahoo.com;1960/62 VALLESE, FELIPE;COMUNA 07;FLORES;EDESUR;;BAJA;CAMBIO DE REPRESENTANTE TECNICO
231;-58,48080706;-34,61906693;BARISOL SRL;CUENCA;1242;ADRIANA MUÑIZ;15-6155-4283;aimuniz@hotmail.com;1242 CUENCA;COMUNA 11;VILLA SANTA RITA;EDESUR;;;
121;-58,45705608;-34,6189317;RES. GER. OSIRIS;AV GRAL. DONATO ALVAREZ;573;FEBRERO LUCIANO;15-6471-4621/3968-1325;lucianofebrero@gmail.com;573 ALVAREZ, DONATO, TTE. GRAL. AV.;COMUNA 06;CABALLITO;EDESUR;;;
268;-58,39003021;-34,61891721;CLINICA GER. ESPIRITU SANTO S.A.;ESTADOS UNIDOS;1683;MINOTTI CARLOS AGUSTIN;4383-6368;carlosminotti@yahoo.com.ar;1683 ESTADOS UNIDOS;COMUNA 01;CONSTITUCION;EDESUR;S/D;NO;
119;-58,45720963;-34,61885073;RES. SAN JUAN - ILUVATAR S.R.L.;AV GRAL. DONATO ALVAREZ;582;MINOTTI CARLOS AGUSTIN;4523-4889;carlosminotti@yahoo.com.ar;582 ALVAREZ, DONATO, TTE. GRAL. AV.;COMUNA 07;FLORES;EDESUR;S/D;NO;
83;-58,40174245;-34,61876583;RES. INDEPENDENCIA;AV INDEPENDENCIA;2562;GAETA ALBERTO;4345-1275;;;;;;;;
267;-58,38636291;-34,61867211;ESTABLECIMIENTO RES. PARA PERSONAS MAYORES;ESTADOS UNIDOS;1431;PICK PATRICIA;15-4400-0847;;;;;;;;
398;-58,40883922;-34,61849476;VIRGEN DEL SOCORRO;MEXICO;3061;ROMAGNOLI;4301-6695;;;;;;;;
130;-58,49313128;-34,61791864;BAHIA BLANCA;BAHIA BLANCA;1757;FAILLA RICARDO  HECTOR;15-5715-5581;higyseg@fibertel.com.ar;1757 BAHIA BLANCA;COMUNA 10;FLORESTA;EDESUR;145;SI;CUBRE LAS NECESIDADES BASICAS DEL ESTABLECIMIENTO
482;-58,50047614;-34,61790729;CANALEJAS;SANABRIA;2021;LIZASO ESTEBAN;15-5057-4121;;;;;;;;
491;-58,50975288;-34,61781952;HOGAR DE ABUELOS ALMA Y CIELO;SANTO TOME;4878;CAUMO MARIANO;4632-1736/1158;inspeccioninmuebles@yahoo.com.ar;4878 SANTO TOME;COMUNA 10;MONTE CASTRO;EDESUR;;;
84;-58,38327202;-34,6178011;EL GAUCHITO GIL SRL;AV INDEPENDENCIA;1220;CASTRO MARIO GABRIEL;15-6496-6758;castromariog@gmail.com;1220 INDEPENDENCIA AV.;COMUNA 01;CONSTITUCION;EDESUR;;;
521;-58,52183895;-34,61776746;RES. PARA MAYORES NTRAS RAICES;TINOGASTA;5373;BRAVO GUSTAVO RAUL;4542-6811/15-3353-4880;info@technologyprevingea.com.ar;;;;;;;
13;-58,40117677;-34,61707422;NVOS EMPRENDIMIENTOS ARGENTINOS SRL;ALBERTI;647;COLLADO RODRIGO;15-5893-8506;sanglarcollado@gmail.com;647 ALBERTI;COMUNA 03;BALVANERA;EDESUR;;;CAMBIO DE REPRESENTANTE TECNICO
292;-58,4729552;-34,61698895;TEJAS VERDES;GALICIA;2680;FAILLA RICARDO  HECTOR;15-5715-5581;higyseg@fibertel.com.ar;2680/86 GALICIA;COMUNA 11;VILLA GRAL. MITRE;EDESUR;43;SI;CUBRE LAS NECESIDADES BASICAS DEL ESTABLECIMIENTO
197;-58,40556522;-34,6168617;GER. DE CATAMARCA S.R.L;CATAMARCA;558;ADRIANA MUÑIZ;15-6155-4283;aimuniz@hotmail.com;558 CATAMARCA;COMUNA 03;BALVANERA;EDESUR;;;
462;-58,48048005;-34,61656802;ARANGUREN;R. ESCALADA DE SAN MARTIN;3075;SOUTO EDUARDO;15-4141-4077;eduardosouto@speedy.com.ar;3075 ESCALADA DE SAN MARTIN, R.;COMUNA 11;VILLA SANTA RITA;EDESUR;;;CAMBIO DE REPRESENTANTE TECNICO
390;-58,41558376;-34,6165061;JAVIER LEANDRO AISEMBERG;MAZA;456;STRAFACE GABRIEL;4521-2197;;;;;;;;
17;-58,45587841;-34,61647576;STELLA MARIS;ALMIRANTE F. J. SEGUI;768;CERVERA ROBERTO HUGO;4545-7331;r_cervera@yahoo.com;768 SEGUI, F. J., ALTE.;COMUNA 06;CABALLITO;EDESUR;;;CAMBIO DE REPRESENTANTE TECNICO
395;-58,45059439;-34,6164065;RES. ARCO IRIS;MENDEZ DE ANDES;1139;MARTINEZ ELISEO FRANCISCO;4628-8855;elicefranc@hotmail.com;1139 MENDEZ DE ANDES;COMUNA 06;CABALLITO;EDESUR;;;
487;-58,41273254;-34,61600042;MODELO SANCHEZ DE LORIA SRL;SANCHEZ DE LORIA;548;LIZASO ESTEBAN;15-5057-4121;;;;;;;;
412;-58,43833079;-34,61589588;EST. GER. SANTA ROSA DE LIMA;NEUQUEN;551;FABAL GUSTAVO;15-6481-7483;gustavofabal@yahoo.com.ar;551/553 NEUQUEN;COMUNA 06;CABALLITO;EDESUR;;;
539;-58,39681449;-34,61535326;ESTABLECIMIENTO GER. PRINCESS;VENEZUELA;2142;LIZASO ESTEBAN;15-5057-4121;;;;;;;;
343;-58,49452266;-34,61528663;EMERITA SA;JOAQUIN V. GONZALEZ;1974;PLUTT MARCELO H.;;mplutt@hotmail.com;1974 GONZALEZ, JOAQUIN V.;COMUNA 10;MONTE CASTRO;EDESUR;;;
45;-58,46510298;-34,6150062;ALBERTO ENRIQUE ALIO;AV BOYACA;1214;MINOTTI CARLOS AGUSTIN;4523-4889;carlosminotti@yahoo.com.ar;1214 BOYACA AV.;COMUNA 11;VILLA GRAL. MITRE;EDESUR;S/D;NO;
35;-58,43774992;-34,61500513;ACOYTE;AV ACOYTE;272;PICK PATRICIA;15-4400-0847;;;;;;;;
82;-58,42699709;-34,61499854;HOGAR NADIR;AV HIPOLITO YRIGOYEN;4272;LIZASO ESTEBAN;15-5057-4121;;;;;;;;
388;-58,41584475;-34,61485469;SUCESION DE M G DE CANALE;MAZA;336;SOUTO EDUARDO;15-4141-4077;eduardosouto@speedy.com.ar;336/42  MAZA;COMUNA 05;ALMAGRO;EDESUR;;;CAMBIO DE REPRESENTANTE TECNICO
214;-58,44226838;-34,61471176;PABLO ROSSETTI;COLPAYO;483;GOMEZ DANIEL ALBERTO;15-6553-3612;;;;;;;;
42;-58,40511428;-34,61471083;RES. GER. PAUL NIEHANS S.R.L.;AV BELGRANO;2816;CARNEVALE MABEL;52520909/1552474239;arquitecta.mc@gmail.com;2816 BELGRANO AV.;COMUNA 03;BALVANERA;EDESUR;;;
246;-58,44275223;-34,61469544;MI ANGEL;DR. JUAN F. ARANGUREN;728;;;;728 ARANGUREN, JUAN F., DR.;COMUNA 06;CABALLITO;EDESUR;;;
258;-58,43089047;-34,61452905;GER. CASA GRANDE S.R.L.;EDUARDO ACEVEDO;92;PADILLA JAVIER SANTIAGO;4961-9056;gestion@capacitarweb.com.ar;92 ACEVEDO, EDUARDO;COMUNA 06;CABALLITO;EDESUR;;;
4;-58,42461635;-34,61436813;OMEGA III S.R.L.;33 ORIENTALES;78;ADRIANA MUÑIZ;15-6155-4283;aimuniz@hotmail.com;78/82 TREINTA Y TRES ORIENTALES;COMUNA 05;ALMAGRO;EDESUR;;;
243;-58,43572253;-34,61432968;ESTABLEC GER. LA LUISA SA;DR. ELEODORO LOBOS;270;CARBALLO WALTER HUGO;15-6507-1188;;;;;;;;
155;-58,4362536;-34,61411516;RES. GER. LA SOLEADA;BOGOTA;320;GOMEZ DANIEL ALBERTO;15-655-3612;;;;;;;;
218;-58,46303761;-34,61410947;OASIS;CNEL APOLINARIO FIGUEROA;1947;CARNEVALE MABEL;5252-0909/15-5247-4239;arquitecta.mc@gmail.com;1947 FIGUEROA, D. APOLINARIO, CORONEL;COMUNA 11;VILLA GRAL. MITRE;EDESUR;;;
187;-58,46888059;-34,61410647;LOYOLA;CARACAS;1448;GORRIZ JUAN CRUZ;;juancgorriz@gmail.com;1448 CARACAS;COMUNA 11;VILLA GRAL. MITRE;EDESUR;;;
211;-58,41882496;-34,61392848;GER. NTRA SE?RA DE LOURDES;COLOMBRES;161;MINOTTI CARLOS AGUSTIN;15-4409-0341;carlosminotti@yahoo.com.ar;161 COLOMBRES;COMUNA 05;ALMAGRO;EDESUR;S/D;NO;
71;-58,4410829;-34,61387895;AEROKA SRL;AV DR. H. PUEYRREDON;508;CARNEVALE MABEL;5252-0909/15-5247-4239;arquitecta.mc@gmail.com;508/30 PUEYRREDON, HONORIO, DR. AV.;COMUNA 06;CABALLITO;EDESUR;;;
435;-58,41552875;-34,61381468;FELICITA ARIAS Y ANTONIO ALVAREZ;PASAJE LUCERO;245;MATEU MARCO;15-3138-1917;marcomateu@yahoo.com.ar;245 LUCERO;COMUNA 05;ALMAGRO;EDESUR;;;CAMBIO DE REPRESENTANTE TECNICO
212;-58,41890832;-34,61368217;HOGAR DE ANCIANOS PRIAMO;COLOMBRES;147;DIAZ CORIA BERNABE GUIDO;15-6093-4814;info@safetyargentina.com;147 COLOMBRES;COMUNA 05;ALMAGRO;EDESUR;16;NO;
154;-58,43341928;-34,61308759;GER. GALA PETIT HOTEL DE M. EUGENIA PATRICIA MAC ALLISTER;BOGOTA;137;DIBITETTO DARIO;15-4066-3298;dario1925@ciudad.com.ar;137/9 BOGOTA;COMUNA 06;CABALLITO;EDESUR;S/D;NO;
196;-58,42071915;-34,61303148;LACAT SRL EL SOLAR DE DON BOSCO;CASTRO BARROS;93;DIAZ CORIA BERNABE GUIDO;15-6093-4814;info@safetyargentina.com;93 CASTRO BARROS;COMUNA 05;ALMAGRO;EDESUR;36;NO;
275;-58,44503392;-34,61302116;PATRICIA MELO;FELIPE VALLESE;820;MINOTTI CARLOS AGUSTIN;4523-4889;carlosminotti@yahoo.com.ar;820/22 VALLESE, FELIPE;COMUNA 06;CABALLITO;EDESUR;S/D;NO;
213;-58,44303131;-34,6128117;COLPAYO;COLPAYO;657;ADRIANA MUÑIZ;15-6155-4283;aimuniz@hotmail.com;657 COLPAYO;COMUNA 06;CABALLITO;EDESUR;;;
458;-58,42348267;-34,61277405;GER. PLAZA DEL SOL;QUINTINO BOCAYUVA;18;COLLADO RODRIGO;15-5893-8506;sanglarcollado@gmail.com;18 BOCAYUVA, QUINTINO;COMUNA 05;ALMAGRO;EDESUR;;;CAMBIO DE REPRESENTANTE TECNICO
330;-58,41361163;-34,61271943;GER. DALMAU;HIPOLITO YRIGOYEN;3314;ESPINOSA JOSE CARLOS;15-6050-7553;ing.josecespinosa@gmail.com;3314 YRIGOYEN, HIPOLITO;COMUNA 05;ALMAGRO;EDESUR;;;
439;-58,51375399;-34,6126568;RES. GER. SAN CAYETANO;PEDRO LOZANO;4820;GREGORIO ANDRES;;info@consultora-crt.com.ar;4820 LOZANO, PEDRO;COMUNA 11;VILLA DEVOTO;EDESUR;;;
156;-58,43126343;-34,6123886;SAGRADO CORAZON;BOGOTA;50;CUENCA GUILLERMO JUAN;4797-8032;guillermocuenca@gmail.com;50 BOGOTA;COMUNA 06;CABALLITO;EDESUR;;;
440;-58,52696148;-34,61218598;ESTABLECIMIENTO GER. SAN JOSE;PEDRO MORAN;5276;LIZASO ESTEBAN;15-5057-4121;;;;;;;;
370;-58,42476505;-34,61183791;ANTONPV POPOW ROSSETTI PABLO SH;LEZICA;4142;GOMEZ DANIEL A.;15-4071-6629;gomez_daniel28@yahoo.com.ar;4142 LEZICA;COMUNA 05;ALMAGRO;EDESUR;25;NO;
241;-58,41462094;-34,61174729;EL JARDIN DE DON BOSCO;DON BOSCO;3448;MARASCO JOSE ENRIQUE;4629-2905;jemarasco@hotmail.com;3448 DON BOSCO;COMUNA 05;ALMAGRO;EDESUR;29;NO;
456;-58,44998867;-34,61161605;RES. GER. MODELO DE BUENOS AIRES S.R.L.;PUJOL;961;GARCIA NORBERTO G.;;ngarcia@gmasociados.com.ar;961 PUJOL;COMUNA 06;CABALLITO;EDESUR;;;
466;-58,52740593;-34,61148994;RES. GER. SANTA BERNARDITA;RODRIGO DE IBARROLA;3486;LIZASO ESTEBAN;15-5057-4121;;;;;;;;
457;-58,42795801;-34,61146865;VILLA DEL SOL;QUERANDIES;4340;LIZASO ESTEBAN;15-5057-4121;;;;;;;;
40;-58,43127481;-34,61138437;LA MANSION;AV AVELLANEDA;74;GOMEZ DANIEL ALBERTO;15-655-3612;;;;;;;;
517;-58,46418099;-34,61123967;BAFFICO HORACIO Y TORINO GUILLERMO;TERRERO;1475;RIZZO MAXIMILIANO RA;4632-6031;inspeccioninmuebles@yahoo.com.ar;1475 TERRERO;COMUNA 11;VILLA GRAL. MITRE;EDESUR;;;
112;-58,41887379;-34,61100941;MONTERREY II;AV RIVADAVIA;3731;MINOTTI CARLOS AGUSTIN;4523-4889;carlosminotti@yahoo.com.ar;3731 RIVADAVIA AV.;COMUNA 05;ALMAGRO;EDESUR;S/D;NO;
329;-58,40103935;-34,61100309;LAS CINCO PALMERA SRL;HIPOLITO YRIGOYEN;2452;MINOTTI CARLOS AGUSTIN;4523-4889;carlosminotti@yahoo.com.ar;2452/2460 YRIGOYEN, HIPOLITO;COMUNA 03;BALVANERA;EDESUR;S/D;NO;
557;-58,45701454;-34,61086013;FUNDACION DE LA COLECTIVIDAD JAPONESA AUNAR;OROÑO, NICASIO;1236;DIAZ HUGO ALBERTO;15-5185-5535;proteccionempresaria@hotmail.com;1236 OROÑO, NICASIO;COMUNA 06;CABALLITO;EDESUR;24;NO;
369;-58,42152759;-34,61084182;EL SOLAR DE DON BOSCO;LEZICA;3917;MARASCO JOSE ENRIQUE;4629-2905/15-5470-4530;jemarasco@hotmail.com;3917 LEZICA;COMUNA 05;ALMAGRO;EDESUR;38;NO;
558;-58,43324117;-34,61062825;HOG. CENTRO DE DIA LAZOS;ARANGUREN JUAN F DR;167;GOMEZ DANIEL;15-4071-6629;gomez_daniel28@yahoo.com.ar;167 ARANGUREN JUAN F DR;COMUNA 06;CABALLITO;;31;NO;
23;-58,45484105;-34,61046609;RES. PARA MAYORES APRILIS;APOLINARIO FIGUEROA;1242;ADRIANA MUÑIZ;15-6155-4283;aimuniz@hotmail.com;1242 FIGUEROA, D. APOLINARIO, CORONEL;COMUNA 06;CABALLITO;EDESUR;;;
131;-58,50131254;-34,6101145;RES. CASA PARQUE;BAHIA BLANCA;2580;COLLADO RODRIGO;15-5893-8506;sanglarcollado@gmail.com;2580 BAHIA BLANCA;COMUNA 10;MONTE CASTRO;EDESUR;;;CAMBIO DE REPRESENTANTE TECNICO
178;-58,47621658;-34,61003873;BAFERAL S.R.L.;CAMARONES;2551;TILL PABLO ELIAS;15-4421-6549;pablotill@yahoo.com;2551 CAMARONES;COMUNA 11;VILLA GRAL. MITRE;EDESUR;;;
137;-58,42294858;-34,60996422;SAN JORGE;BARTOLOME MITRE;4008;FEBRERO LUCIANO;15-6471-4621/3968-1325;lucianofebrero@gmail.com;4008 MITRE, BARTOLOME;COMUNA 05;ALMAGRO;EDESUR;;;
422;-58,43412924;-34,60989336;LA SOLEADA;OTAMENDI;583;OLIVERA FEDERICO;4962-3621/15-6049-0403;folivera1@gmail.com;583 OTAMENDI;COMUNA 06;CABALLITO;EDESUR;;;
33;-58,4932305;-34,60975813;GER. ARREGUI DE EDUARDO MEZA;ARREGUI;3516;ROMERO NESTOR DANIEL;15-5961-9164;nestoromero5@yahoo.com.ar;3516 ARREGUI;COMUNA 11;VLLA DEL PARQUE;EDESUR;;;
118;-58,50994156;-34,60964591;ASOC.DE BENEFICIENCIA BRITANICA Y NORTEAMERI;AV SEGUROLA;2941;FONTANELLAZ DIEGO;15-5022-2072/022-4142-4598;info@interseguridad.com.ar;2941 SEGUROLA AV.;COMUNA 11;VILLA DEVOTO;EDESUR;;;
520;-58,51071849;-34,6095501;HOGAR DE ABUELOS ALMA Y CIELO;TINOGASTA;4536;CERVERA ROBERTO HUGO;4545-7331;r_cervera@yahoo.com;4536 TINOGASTA;COMUNA 11;VILLA DEVOTO;EDESUR;16;NO;
69;-58,44415341;-34,60943511;REACTIVAR SRL;AV DR. H. PUEYRREDON;958;CARNEVALE MABEL;5252-0909/15-5247-4239;arquitecta.mc@gmail.com;958 PUEYRREDON, HONORIO, DR. AV.;COMUNA 06;CABALLITO;EDESUR;;;
436;-58,45483867;-34,60943411;GER. PAYSANDU S.R.L.;PAYSANDU;1275;MINOTTI CARLOS AGUSTIN;4523-4889;carlosminotti@yahoo.com.ar;1273/75/79 PAYSANDU;COMUNA 06;CABALLITO;EDESUR;S/D;NO;
138;-58,4138069;-34,6092871;NAZARET;BARTOLOME MITRE;3345;ADRIANA MUÑIZ;15-6155-4283;aimuniz@hotmail.com;3345 MITRE, BARTOLOME;COMUNA 03;BALVANERA;EDESUR;;;
313;-58,47608395;-34,6091041;RES. GER. CDH S.R.L.;GRAL. JOSE G. DE ARTIGAS;1966;RIZZO MAXIMILIANO RA;4632-6031;inspeccioninmuebles@yahoo.com.ar;1966 ARTIGAS, JOSE GERVASIO, GRAL.;COMUNA 11;VILLA GRAL. MITRE;EDESUR;;;
70;-58,44471188;-34,60870459;EL BUEN PASTOR;AV DR. H. PUEYRREDON;1026;MINOTTI CARLOS AGUSTIN;4523-4889;carlosminotti@yahoo.com.ar;1026 PUEYRREDON, HONORIO, DR. AV.;COMUNA 06;CABALLITO;EDESUR;S/D;NO;
64;-58,42112965;-34,60861119;ALVAREZ Y ARIAS S.R.L.;AV DIAZ VELEZ;3876;MATEU MARCO;15-3138-1917;marcomateu@yahoo.com.ar;3876 DIAZ VELEZ AV.;COMUNA 05;ALMAGRO;EDESUR;;;CAMBIO DE REPRESENTANTE TECNICO
136;-58,3925662;-34,60805933;JORGE ENRIQUE NICOLAS MARCHI;BARTOLOME MITRE;1838;RIZZO MAXIMILIANO RA;4632-6031;inspeccioninmuebles@yahoo.com.ar;1838 MITRE, BARTOLOME;COMUNA 03;BALVANERA;EDESUR;;;
414;-58,45926547;-34,60774559;ALICIA ELBA DOTTI;NICASIO OROÑO;1538;ADRIANA MUÑIZ;15-6155-4283;aimuniz@hotmail.com;1538 OROÑO, NICASIO;COMUNA 06;CABALLITO;EDESUR;;;
454;-58,4276263;-34,60762182;INST. GER. CASA DEL SOL  AÑOS DORADOS S.R.L.;PRINGLES;377;RODRIGUEZ JOSE MARIA;15-6115-7062;josmar812003@yahoo.com.ar;377/79 PRINGLES;COMUNA 05;ALMAGRO;EDESUR;;;
16;-58,47556122;-34,6075597;LAS MARTAS S.R.L.;ALFREDO BUFANO;254;MONTIVERO GLADYS EMILIA;;lalyarq@gmail.com;254 BUFANO, ALFREDO R.;COMUNA 11;VILLA GRAL. MITRE;EDESUR;;;
453;-58,42272476;-34,60731367;FERNANDEZ DE ENCISO SRL;POTOSI;3990;MARASCO JOSE ENRIQUE;4629-2905/15-5470-4530;jemarasco@hotmail.com;3990 POTOSI;COMUNA 05;ALMAGRO;EDESUR;34;NO;
452;-58,42206275;-34,60722228;HOGAR POTOSI S.R.L.;POTOSI;3943;CALBO PABLO DANIEL;4782-3356/15-5503-7304;ingpablocalbo@yahoo.com.ar;3943 POTOSI;COMUNA 05;ALMAGRO;EDESUR;;;
350;-58,47606035;-34,60720439;LA NUEVA PRIMAVERA S.R.L.;JUAN AGUSTIN GARCIA;2416;FRANZ GUSTAVO;4791-0556;gffranz@fibertel.com.ar;2416 GARCIA, JUAN AGUSTIN;COMUNA 11;VILLA GRAL. MITRE;EDESUR;;;
483;-58,50995064;-34,60694598;GER. EL HUERTO;SANABRIA;3235;GRIFFO MATIAS;15-5339-2274;mgriffo_2000@yahoo.com;3235 SANABRIA;COMUNA 11;VILLA DEVOTO;EDESUR;;;CAMBIO DE REPRESENTANTE TECNICO
492;-58,49045411;-34,606717;EL RINCON DE LOS ABUELOS;SANTO TOME;3179;CARNEVALE MABEL;5252-0909/15-5247-4239;arquitecta.mc@gmail.com;3179 SANTO TOME;COMUNA 11;VLLA DEL PARQUE;EDESUR;;;
485;-58,51033855;-34,60665002;GER. SANABRIA;SANABRIA;3278;FEDERICO SANTIAGO RAUL;4506-5101/15-5654-7317;info@naos-arquitectura.com.ar;;;;;;;
265;-58,4556451;-34,60629446;LA TRINIDAD;ESPINOSA;1520;GOMEZ DANIEL ALBERTO;15-6553-7612;;;;;;;;
247;-58,45769886;-34,60609804;KARMA LUZ SRL;DR. LUIS BELAUSTEGUI;1213;MU?Z JUAN RAMON;15-5133-4849;juanmunoz50@hotmail.com;1223/13/15 BELAUSTEGUI, LUIS, DR.;COMUNA 06;CABALLITO;EDESUR;;;CAMBIO DE REPRESENTANTE TECNICO
513;-58,42056102;-34,60605509;ALERIAN;TTE GRAL JUAN D. PERON;3850;GIORDANO MARTIN;15-6246-9328;gestiones1@yahoo.com.ar;3850/54 PERON, JUAN DOMINGO, TTE. GENERAL;COMUNA 05;ALMAGRO;EDESUR;;;
496;-58,39700222;-34,60601824;SOCIEDAD DE SAN JOSE;SARMIENTO;2130;GRIFFO MATIAS NICOLAS;15-5339-2274;mgriffo_2000@yahoo.com;2130 SARMIENTO;COMUNA 03;BALVANERA;EDESUR;;;CAMBIO DE REPRESENTANTE TECNICO
484;-58,51191567;-34,60568774;RES. INTEGRAL MODELO DEL FUTURO;SANABRIA;3420;DIAZ HUGO ALBERTO;15-5185-5535;proteccionempresaria@hotmail.com;3420/24 SANABRIA;COMUNA 11;VILLA DEVOTO;EDESUR;;;CAMBIO DE REPRESENTANTE TECNICO
229;-58,45334288;-34,60552454;GER. AMANECER;CUCHA CUCHA;1483;LIZASO ESTEBAN;15-5057-4121;;;;;;;;
340;-58,4094586;-34,60530407;SARITA COLONIA;JEAN JAURES;398;GOMEZ NESTOR OMAR;15-5429-2235;ngomez@agea.com.ar;398 JAURES, JEAN;COMUNA 03;BALVANERA;EDESUR;;;
455;-58,42736536;-34,60479226;SAN BLAS II;PRINGLES;635;SANGLAR GABRIEL;;sanglarcollado@gmail.com;635 PRINGLES;COMUNA 05;ALMAGRO;EDESUR;;;
72;-58,447725;-34,60477848;ALEJANDRO GUSTAVO BARCALA;AV DR. H. PUEYRREDON;1388;GOMEZ DANIEL A.;15-4071-6629;gomez_daniel28@yahoo.com.ar;1388 PUEYRREDON, HONORIO, DR. AV.;COMUNA 15;VILLA CRESPO;EDESUR;19;NO;
380;-58,49020635;-34,60462301;RES. GER. TERCERA EDAD;MARCOS SASTRE;3073;LIZASO ESTEBAN;15-5057-4121;;;;;;;;
164;-58,416959;-34,60457413;MARIO BRAVO;BRAVO MARIO;456;LIZASO ESTEBAN;15-5057-4121;;;;;;;;
471;-58,46705635;-34,60437804;SAN BLAS I;SAN BLAS;1772;COLLADO RODRIGO;15-5893-8506;sanglarcollado@gmail.com;1772 SAN BLAS;COMUNA 11;VILLA GRAL. MITRE;EDESUR;;;CAMBIO DE REPRESENTANTE TECNICO
277;-58,51301543;-34,60410346;GER.S PRIVADOS DON BOSCOS.R.L;FERNANDEZ DE ENCISO;3715;DIAZ CORIA BERNABE GUIDO;15-6093-4814;info@safetyargentina.com;3715 FERNANDEZ DE ENCISO;COMUNA 11;VILLA DEVOTO;EDESUR;34;NO;
368;-58,49651861;-34,60384497;RES. GER. DE VILLA DEL PARQUE;LAVALLOL;2851;ESPINOSA JOSE CARLOS;15-6050-7553;ing.josecespinosa@gmail.com;2851 LLAVALLOL;COMUNA 11;VLLA DEL PARQUE;EDESUR;;;
490;-58,48518584;-34,60376485;GAMALIEL SA;SANTO TOME;2746;SUCHMON LEANDRO;15-5428-5184/4901-6193;leandro@em-s.com.ar;2746 SANTO TOME;COMUNA 11;VLLA DEL PARQUE;EDESUR;11;NO;
349;-58,50599498;-34,60358765;ESTABLECIMIENTO GER. GERUSIA II;JOSE PEDRO VARELA;3845;VOLONT?NESTOR HUGO;;volontenestor@gmail.com;3845 VARELA, JOSE PEDRO;COMUNA 11;VILLA DEVOTO;EDESUR;;;
536;-58,50599498;-34,60358765;GER. GERUSIA II;VARELA;3845;VOLONT?NESTOR HUGO;;volontenestor@gmail.com;3845 VARELA;COMUNA 11;VILLA DEVOTO;EDESUR;;;
30;-58,48976846;-34,60352588;RES. GER. JULIA 2;ARGERICH;2866;BENAVIDEZ SILVIA;15-5057-4121;hg_argentina@yahoo.com.ar;2866 ARGERICH;COMUNA 11;VLLA DEL PARQUE;EDESUR;S/D;NO;
262;-58,46025789;-34,60249269;MASOGO;ESPINOSA;2047;ADRIANA MUÑIZ;15-6155-4283;aimuniz@hotmail.com;2047/51 ESPINOSA;COMUNA 15;PATERNAL;EDESUR - EDENOR;;;
432;-58,51851832;-34,60207292;VILLA GRAÑO;PAREJA;4473;LIZASO ESTEBAN;15-5057-4121;;;;;;;;
411;-58,50769519;-34,60206879;RES. PARA MAYORES EL PINAR DE DEVOTO;NAVARRO;3895;LIZASO ESTEBAN;15-5057-4121;;;;;;;;
263;-58,46296101;-34,60201434;GER. GERUSIA;ESPINOSA;2230;COEN VERONICA;15-5119-9964;;;;;;;;
383;-58,41637126;-34,60191873;LA CASA DE MIS ABUELOS;MARIO BRAVO;651;BERCOVSKY JORGE EDUARDO;15-5827-0062;jorgeberco@yahoo.com.ar;651 - 655 BRAVO, MARIO;COMUNA 05;ALMAGRO;EDESUR;;;
463;-58,49753135;-34,60185503;RES. SAN NICOLAS;RICARDO GUTIERREZ;3366;BOURET CARLOS;4631-8409;cabouret@gmail.com;3366 GUTIERREZ, RICARDO;COMUNA 11;VLLA DEL PARQUE;EDESUR;;;
326;-58,51883406;-34,60126077;EL HOGAR DE LOS ABUELOS;HABANA;4452;LIZASO ESTEBAN;15-5057-4121;;;;;;;;
293;-58,41253838;-34,60113583;DEL VALLE;GALLO;734;BADALUCCO MARIANO;;consultoraprevention@gmail.com;734 GALLO;COMUNA 05;ALMAGRO;EDESUR;S/D;NO;
264;-58,46721548;-34,60101337;RES. GER. LA AMISTAD;ESPINOSA;2515;LIZASO ESTEBAN;15-5057-4121;;;;;;;;
427;-58,4254526;-34,60098851;ARQUIMEDICA SRL;PALESTINA (EX RAWSON);838;CERVERA ROBERTO HUGO;4545-7331;r_cervera@yahoo.com;838 PALESTINA;COMUNA 05;ALMAGRO;EDESUR;19;NO;
87;-58,50741615;-34,60092269;EST. GER. DE ENRIQUE C. TOPPANO;AV JOAQUIN V. GONZALEZ;3691;CISNEROS NILDA JUSTA;15-4048-4958;dalnijc@yahoo.com.ar;3691 GONZALEZ, JOAQUIN V.;COMUNA 11;VILLA DEVOTO;EDESUR;;;
341;-58,50741615;-34,60092269;ENRIQUE CLAUDIO TOPPANO;JOAQUIN V. GONZALEZ;3691;CISNEROS NILDA JUSTA;15-4048-4958;dalnijc@yahoo.com.ar;3691 GONZALEZ, JOAQUIN V.;COMUNA 11;VILLA DEVOTO;EDESUR;;;
320;-58,42087935;-34,60071749;GER. EL REFUGIO;GUARDIA VIEJA;4016;ADRIANA MUÑIZ;15-6155-4283;aimuniz@hotmail.com;4016 GUARDIA VIEJA;COMUNA 05;ALMAGRO;EDESUR;;;
319;-58,42121734;-34,60068386;EN FAMILIA;GUARDIA VIEJA;4038;LIZASO ESTEBAN;15-5057-4121;;;;;;;;
115;-58,51383543;-34,60023556;REMANSO DE TOSO SRL;AV S. MARIA DEL CARRIL;4151;LIZASO ESTEBAN;15-5057-4121;;;;;;;;
279;-58,42222055;-34,60022827;GER. DE MARIA ELENA RODRIGUEZ;F. ACUÑA DE FIGUEROA;926;CALBO PABLO DANIEL;4782-3356/15-5503-7304;ingpablocalbo@yahoo.com.ar;926 ACUÑ DE FIGUEROA, FRANCISCO;COMUNA 05;ALMAGRO;EDESUR;;;
327;-58,51726607;-34,60018102;LA MISION;HABANA;4321;LIZASO ESTEBAN;15-5057-4121;;;;;;;;
1;-58,46979841;-34,60002148;RES. 12 DE OCTUBRE DE NORMA ADRIANA SOLARI;12 DE OCTUBRE;1665;ROMAGNOLI;4301-6695;;;;;;;;
321;-58,42915519;-34,59981945;DORA MERCEDES SPALT;GUARDIA VIEJA;4563;ROMERO NESTOR DANIEL;15-5961-9164;nestoromero5@yahoo.com.ar;4563 GUARDIA VIEJA;COMUNA 05;ALMAGRO;EDESUR;;;
535;-58,51981153;-34,59950559;LA MAISON BLANC DE EDUARDO SANTIAGO GROSSO;VALLEJOS;4419;MINOTTI CARLOS AGUSTIN;4523-4889;carlosminotti@yahoo.com.ar;4419 VALLEJOS;COMUNA 11;VILLA DEVOTO;EDESUR;S/D;NO;
394;-58,48842847;-34,59948576;SAN CARLOS;MELINCUE;2723;BERCOVSKY JORGE EDUARDO;15-5827-0062;jorgeberco@yahoo.com.ar;2723 MELINCUE;COMUNA 11;VLLA DEL PARQUE;EDESUR;;;
524;-58,4166563;-34,59916224;LA CASA DE TUCUMAN;TUCUMAN;3640;SUCHMON LEANDRO;15-5428-5184/4901-6193;leandro@em-s.com.ar;3640 TUCUMAN;COMUNA 05;ALMAGRO;EDESUR;12;NO;
96;-58,51478105;-34,5991213;RES. DE OTOÑO S.R.L.;AV LINCOLN;4268;FLORIO EDUARDO MARIO;15-4419-9699;eflorio@arnet.com.ar;4268 LINCOLN AV.;COMUNA 11;VILLA DEVOTO;EDESUR;;;
527;-58,41648389;-34,59911511;LA ROSA BLANCA;TUCUMAN;3629;BADALUCCO MARIANO;;consultoraprevention@gmail.com;3629 TUCUMAN;COMUNA 05;ALMAGRO;EDESUR;S/D;NO;
161;-58,40505099;-34,59884196;CASA AZUL S.R.L.;BOULOGNE SUR MER;954;PADILLA JAVIER SANTIAGO;4961-9056;gestion@capacitarweb.com.ar;954 BOULOGNE SUR MER;COMUNA 03;BALVANERA;EDESUR;;;
523;-58,41807252;-34,59876799;SAN GERVASIO SRL;TUCUMAN;3738;MINOTTI CARLOS AGUSTIN;4523-4889;carlosminotti@yahoo.com.ar;3738 TUCUMAN;COMUNA 05;ALMAGRO;EDESUR;S/D;SI;ASCENSOR, BOMBAS Y HELADERAS
525;-58,41843627;-34,59866672;GER. SAN FRANCISCO;TUCUMAN;3764;ROMAGNOLI;4301-6695;;;;;;;;
342;-58,50949538;-34,59862339;GLADYS BEATRIZ ALVAREZ;JOAQUIN V. GONZALEZ;4015;CARNEVALE MABEL;5252-0909/15-5247-4239;arquitecta.mc@gmail.com;4015 /17 GONZALEZ, JOAQUIN V.;COMUNA 11;VILLA DEVOTO;EDESUR;;;
5;-58,44121739;-34,59846728;STELLA MARIS;ACEVEDO;356;CUENCA GUILLERMO JUAN;4797-8032;guillermocuenca@gmail.com;356/360 ACEVEDO;COMUNA 15;VILLA CRESPO;EDESUR;;;
28;-58,49364958;-34,59846606;ARGERICH;ARGERICH;3258;LIZASO ESTEBAN;15-5057-4121;;;;;;;;
526;-58,41941904;-34,59831404;DANIEL H PICCOLI ESTABLEC GER. SAN GERVASIO;TUCUMAN;3837;FEIJOO CARLOS NORBERTO;15-5185-3261;cnf464@gmail.com;3837 TUCUMAN;COMUNA 05;ALMAGRO;EDESUR;;;CAMBIO DE REPRESENTANTE TECNICO
113;-58,50993681;-34,59809985;LA MANSION DE LAS SIETE ESTRELLAS;AV S. MARIA DEL CARRIL;3798;LIZASO ESTEBAN;15-5057-4121;;;;;;;;
438;-58,48978393;-34,59804264;ST ANDRES S.R.L;PEDRO LOZANO;2747;CARNEVALE MABEL;5252-0909/15-5247-4239;arquitecta.mc@gmail.com;2747 LOZANO, PEDRO;COMUNA 11;VLLA DEL PARQUE;EDESUR;;;
428;-58,40160512;-34,59780528;CENTRO DE GERIATRIA DEL NORTE SA;PARAGUAY;2367;MINOTTI CARLOS AGUSTIN;4301-6695;;;;;;;;
393;-58,48536879;-34,59776698;OSVALDO MARCELINO CONDE;MELINCUE;2480;MARQUES DIAS RAFAEL GUSTAVO;4629-8461/15-4531-4674;primaconsultores@uolsinectis.com.ar;2480/82 MELINCUE;COMUNA 11;VLLA DEL PARQUE;EDESUR;;;
430;-58,40244346;-34,59775224;GER. CARPE DIEM;PARAGUAY;2426;MINOTTI CARLOS AGUSTIN;4523-4889;carlosminotti@yahoo.com.ar;2426 PARAGUAY;COMUNA 02;RECOLETA;EDESUR - EDENOR;S/D;NO;
429;-58,4029285;-34,59757614;INST. GER. DE REHABILITACION INTEGRAL II;PARAGUAY;2465;MINOTTI CARLOS AGUSTIN;4523-4889;carlosminotti@yahoo.com.ar;2465 PARAGUAY;COMUNA 02;RECOLETA;EDESUR - EDENOR;S/D;NO;
431;-58,4036443;-34,5975443;GER. MATER DE SANT S.A.;PARAGUAY;2512;ROMAGNOLI;4301-6695;;;;;;;;
177;-58,44351324;-34,59746488;CAMARGO;CAMARGO;880;HERMIDA DIEGO RODOLFO;15-6520-6678;diego_hermida72@yahoo.com.ar;880 CAMARGO;COMUNA 15;VILLA CRESPO;EDESUR;;;EL PROFESIONAL VA A ENVIAR LA INFORMACION
8;-58,41032331;-34,59746303;RES. GER. STA MARIA DEL BUEN AYRE;AGUERO;1056;LIZASO ESTEBAN;15-5057-4121;;;;;;;;
410;-58,49995516;-34,59728134;RES. GER. NORMANDY;NAVARRO;3277;LIZASO ESTEBAN;15-5057-4121;;;;;;;;
328;-58,49656623;-34,59718788;GER. DEL ROSARIO;HELGUERA;3458;LIZASO ESTEBAN;15-5057-4121;;;;;;;;
461;-58,43791853;-34,59714926;SUSANA ELISA SAJNIN;RAMIREZ DE VELAZCO JUAN;646;SUAREZ ALEJANDRO D.;15-6534-5189;ing.alejandrosuarez@yahoo.com.ar;646 RAMIREZ DE VELASCO, JUAN;COMUNA 15;VILLA CRESPO;EDESUR;;;
123;-58,47545297;-34,59707879;HOGAR SAN MARTIN DEL MINISTERIO DE DESARROLLO SOCIAL;AV WARNES;2650;PUGENER ANDREA LORENA;;andreapugener@hotmail.com;2650 WARNES AV.;COMUNA 15;PATERNAL;EDENOR;;;
58;-58,42622692;-34,59657004;CALIDAD A LOS AÑOS;AV CORDOBA;4200;CERVERA ROBERTO HUGO;4545-7331;r_cervera@yahoo.com;4200 CORDOBA AV.;COMUNA 15;VILLA CRESPO;EDESUR;22;NO;
114;-58,5075939;-34,59637963;RES GER. ALTOS DEL BOULEVARD;AV S. MARIA DEL CARRIL;3601;LIZASO ESTEBAN;15-5057-4121;;;;;;;;
116;-58,50741211;-34,59626734;ALTOS DEL BOULEVARD;AV S. MARIA DEL CARRIL;3591;LIZASO ESTEBAN;15-5057-4121;;;;;;;;
315;-58,40492134;-34,59601146;LAS LILAS;GRAL. LUCIO N.MANSILLA;2632;MINOTTI CARLOS AGUSTIN;4523-4889;carlosminotti@yahoo.com.ar;2632 MANSILLA, LUCIO NORBERTO, GENERAL;COMUNA 02;RECOLETA;EDESUR - EDENOR;;;
307;-58,41936125;-34,59548466;GORRITI;GORRITI;3868;HERMITTE ENRIQUE L.;;enrique-hermitte@hotmail.com;3868/74 GORRITI;COMUNA 14;PALERMO;EDENOR;S/D;NO;
502;-58,4407282;-34,59531344;ROSSJANSKI SILVIO DANIEL;SERRANO;627;SUAREZ ALEJANDRO D.;15-6534-5189;ing.alejandrosuarez@yahoo.com.ar;627 SERRANO;COMUNA 15;VILLA CRESPO;EDESUR;;;
351;-58,42756548;-34,59509146;DR. RICARDO OVEJERO;JULIAN ALVAREZ;1180;MARASCO JOSE ENRIQUE;4629-2905;jemarasco@hotmail.com;1180 ALVAREZ, JULIAN;COMUNA 14;PALERMO;EDENOR;25;NO;
367;-58,42490815;-34,59446254;RES. GER. SAN GABRIEL;LAVALLEJA;1352;ARIAS ANDRES LEONARDO;;hg_argentina@yahoo.com.ar;1352 LAVALLEJA;COMUNA 14;PALERMO;EDENOR;S/D;NO;
26;-58,39746854;-34,59436242;PERCIBIR EL TIEMPO SRL;ARENALES;2131;MINOTTI CARLOS AGUSTIN;4523-4889;carlosminotti@yahoo.com.ar;2131 ARENALES;COMUNA 02;RECOLETA;EDESUR;S/D;NO;
532;-58,38739323;-34,59435248;ASISGER S.R.L.;URUGUAY;1216;PADILLA JAVIER SANTIAGO;4961-9056;gestion@capacitarweb.com.ar;1216 URUGUAY;COMUNA 02;RECOLETA;EDESUR;;;
6;-58,43462346;-34,59417526;GER. LA CASA DE LA BOBE;ACEVEDO;950;CERVERA ROBERTO HUGO;4545-7331;r_cervera@yahoo.com;950 ACEVEDO;COMUNA 15;VILLA CRESPO;EDESUR;22;NO;
24;-58,42693813;-34,59330628;ASOC. HELENICA DE SOCORROS MUTUOS SAN DEMETRIO;ARAOZ;1328;LITVAK NESTOR RUBEN;15-5228-1292;nestor_litvak@yahoo.com.ar;1328/34 ARAOZ;COMUNA 14;PALERMO;EDENOR;;;
355;-58,37942871;-34,59282657;MIAMI HOUSE SRL;JUNCAL;857;KURZ CARLOS;4862-5282;siarthys@speedy.com.ar;857 JUNCAL;COMUNA 01;RETIRO;EDESUR;;;
441;-58,39632691;-34,59160087;ILUVATAR S.R.L.;PEÑA;2138;MINOTTI CARLOS AGUSTIN;4523-4889;carlosminotti@yahoo.com.ar;2138 PEÑA;COMUNA 02;RECOLETA;EDESUR;S/D;NO;
260;-58,51253593;-34,59077275;GER. SAN MARINO;EMILIO LAMARCA;4841;ADRIANA MUÑIZ;15-6155-4283;aimuniz@hotmail.com;4841/57 LAMARCA, EMILIO;COMUNA 11;VILLA DEVOTO;EDENOR;;;
220;-58,43379993;-34,59065174;ASOC. CIVIL ARMENIA DE BENEFICENCIA;CNEL NICETO VEGA;5036;CERIMEDO CARLOS ALFREDO;15-6274-9504;ingcerimedoutnfrba@yahoo.com.ar;5036 VEGA, NICETO, CNEL.;COMUNA 14;PALERMO;EDENOR;;;
501;-58,43250767;-34,59018032;NUEVA SERRANIA S.R.L.;SERRANO;1378;MINOTTI CARLOS AGUSTIN;4523-4889;carlosminotti@yahoo.com.ar;1378 SERRANO;COMUNA 14;PALERMO;EDENOR;S/D;NO;
354;-58,40408024;-34,58980533;MEDIGER SRL;JUNCAL;2676;PADILLA JAVIER SANTIAGO;4961-9056;gestion@capacitarweb.com.ar;2676 JUNCAL;COMUNA 02;RECOLETA;EDESUR - EDENOR;;;
291;-58,40099995;-34,58975794;PAWEN S.R.L.;FRENCH;2613;MINOTTI CARLOS AGUSTIN;4523-4889;carlosminotti@yahoo.com.ar;2613 FRENCH;COMUNA 02;RECOLETA;EDENOR;S/D;NO;
32;-58,42740888;-34,5895719;CUMELEN;ARMENIA;1675;ADRIANA MUÑIZ;15-6155-4283;aimuniz@hotmail.com;1675 ARMENIA;COMUNA 14;PALERMO;EDENOR;;;
352;-58,41774309;-34,58864102;GER. NTRA SRA DE GUADALUPE3 S A;JULIAN ALVAREZ;2215;ROMAGNOLI;4301-6695;;;;;;;;
373;-58,44370924;-34,58788176;GERIATRIKA S.R.L. HOGAR LOYOLA;LOYOLA;1545;GORRIZ JUAN CRUZ;;juancgorriz@gmail.com;1545 LOYOLA;COMUNA 15;CHACARITA;EDENOR;;;
324;-58,44925684;-34,58729181;LOPEZ SILVANA CENTRO GER. DORREGO SRL;GUEVARA;311;GARCIA NORBERTO G.;;ngarcia@gmasociados.com.ar;311 GUEVARA;COMUNA 15;CHACARITA;EDENOR;;;
144;-58,47755305;-34,58616466;NUESTRO TIEMPO;BAUNESS;1265;MINOTTI CARLOS AGUSTIN;4523-4889;carlosminotti@yahoo.com.ar;1265 BAUNESS;COMUNA 15;PARQUE CHAS;EDENOR;S/D;NO;
284;-58,51357954;-34,58577317;GER. JARDIN DELSOL DE MARIANO QUIROGA;FRANCO;3429;FRANCO MARCELO DANIEL;15-3876-3313;m-dfranco@hotmail.com;3429/31 FRANCO;COMUNA 11;VILLA DEVOTO;EDENOR;;;
494;-58,44819175;-34,58473627;NUESTRO HOGAR;SANTOS DUMONT;3640;CLAUDEPIERRE JAVIER SIGFRIDO;11-6049-2860;jsclaudepierre@yahoo.com.ar;3640 DUMONT, SANTOS;COMUNA 15;CHACARITA;EDENOR;;;
145;-58,47489158;-34,58412207;GER. VICTORIA;BEHRING;2555;RODRIGUEZ ROSI ROBERTO;4307-7452;rodriguezrosi@hotmail.com;2555 BEHRING;COMUNA 15;PARQUE CHAS;EDENOR;;;CAMBIO DE REPRESENTANTE TECNICO
486;-58,40259498;-34,58411562;RES. BUSTAMANTE S.A.;SANCHEZ DE BUSTAMANTE;2534;LIZASO ESTEBAN;15-5057-4121;;;;;;;;
202;-58,42285225;-34,58394953;INST. SERRANO DE NUCERA OLGA Y F. RODOLFO;CHARCAS;4278;CERIMEDO CARLOS ALFREDO;15-6274-9504;ingcerimedoutnfrba@yahoo.com.ar;4278 CHARCAS;COMUNA 14;PALERMO;EDENOR;;;
80;-58,4980261;-34,58376758;RES. GER. BRISAS;AV GRAL. MOSCONI;2536;LIZASO ESTEBAN;15-5057-4121;;;;;;;;
519;-58,42483831;-34,58373596;HOGAR DE ANCIANOS ABU;THAMES;2225;CERVERA ROBERTO HUGO;4545-7331;r_cervera@yahoo.com;2225 THAMES;COMUNA 14;PALERMO;EDENOR;;BAJA;CAMBIO DE REPRESENTANTE TECNICO
215;-58,50112344;-34,58363426;HOGAR GER. SAN CAYETANO;CONDARCO;4848;GOMEZ NESTOR OMAR;15-5429-2235;ngomez@agea.com.ar;4848 CONDARCO;COMUNA 12;VILLA PUEYRREDON;EDENOR;;;
232;-58,51096495;-34,58348822;EL RINCON DE LOS ABUELOS;CUENCA;5366;AIROLI ALEJANDRO;15-5410-5368;;;;;;;;
179;-58,51289603;-34,58346024;GER. JAZMIN;CAMPANA;5459;BERCOVSKY JORGE EDUARDO;15-5827-0062;jorgeberco@yahoo.com.ar;5459 CABA CAMPANA;COMUNA 12;VILLA PUEYRREDON;EDENOR;;;
420;-58,45126072;-34,58311078;ESTABLECIMIENTO GER. SAN JORGE;OLLEROS;3718;LIZASO ESTEBAN;15-5057-4121;;;;;;;;
530;-58,41383485;-34,58282271;FINOSA S.R.L;UGARTECHE;2815;MINOTTI CARLOS AGUSTIN;4523-4889;carlosminotti@yahoo.com.ar;2815 UGARTECHE;COMUNA 14;PALERMO;EDENOR;S/D;NO;
325;-58,42060194;-34,58273839;ALTOS DEL BOTANICO SRL;GURRUCHAGA;2458;MINOTTI CARLOS AGUSTIN;4523-4889;carlosminotti@yahoo.com.ar;2458/62 GURRUCHAGA;COMUNA 14;PALERMO;EDENOR;S/D;NO;
140;-58,48540272;-34,5821981;RES. PARA ADULTOS MAYORES LA FUENTE;BARZANA;1845;KLOPP EDUARDO;4392-4256;eduardo@safetyservices.com.ar;1845 BARZANA;COMUNA 12;VILLA URQUIZA;EDENOR;;;
34;-58,48175163;-34,58193959;DIAZ, TRANSITO MARIA DEL VALLE;ATENAS;2830;CARNEVALE MABEL;5252-0909/15-5247-4239;arquitecta.mc@gmail.com;2830 ATENAS;COMUNA 15;PARQUE CHAS;EDENOR;;;
37;-58,44797806;-34,58170459;INST. NTRA SRA. DE LA NIEVES S.R.L;AV ALVAREZ THOMAS;268;TILL PABLO ELIAS;15-4421-6549;pablotill@yahoo.com;268 ALVAREZ THOMAS AV.;COMUNA 15;CHACARITA;EDENOR;;;
318;-58,49895988;-34,5815395;AUGUSTUM;GRIVEO;2475;LIZASO ESTEBAN;15-5057-4121;;;;;;;;
413;-58,4345019;-34,58082006;PLAZA ITALIA DE SEBASTIAN MOREL;NICARAGUA;5701;MINOTTI CARLOS AGUSTIN;4523-4889;carlosminotti@yahoo.com.ar;5701/11 NICARAGUA;COMUNA 14;PALERMO;EDENOR;;;
359;-58,48193198;-34,58078005;LA PAMPA 5277 SRL;LA PAMPA;5277;LIZASO ESTEBAN;15-5057-4121;;;;;;;;
165;-58,48402201;-34,58057226;ABUELA GRANDE;BUCARELLI;1902;CERVERA ROBERTO HUGO;4545-7331;r_cervera@yahoo.com;1902 BUCARELLI;COMUNA 12;VILLA URQUIZA;EDENOR;30;NO;
203;-58,47036787;-34,58044092;DESPERTARES;CHARLONE;2063;BERCOVSKY JORGE EDUARDO;15-5827-0062;jorgeberco@yahoo.com.ar;2063 CHARLONE;COMUNA 15;VILLA ORTUZAR;EDENOR;;;
20;-58,48811963;-34,58033449;RES. GER. SAN EXPEDITO;ALTOLAGUIRRE;2059;LIZASO ESTEBAN;15-5057-4121;;;;;;;;
448;-58,46719958;-34,58030028;PLAZA MAYOR;PLAZA;1223;CAUMO MARIANO;4632-1736/1158;inspeccioninmuebles@yahoo.com.ar;1223 PLAZA;COMUNA 15;VILLA ORTUZAR;EDENOR;;;
59;-58,40408674;-34,57964795;RES. PALERMO CHICO;AV CNEL DIAZ;3856;SEBASTIAN RUBEN ARGENTINO JOSE;4794-1450/15-4422-7668;rubensebastian46@gmail.com;3856 /50 DIAZ, CNEL. AV.;COMUNA 14;PALERMO;EDENOR;;;
79;-58,47894936;-34,57931132;RES. NUEVO HOGAR;AV GRAL. B. VICTORICA;2330;CERVERA ROBERTO HUGO;4545-7331;r_cervera@yahoo.com;2330 VICTORICA, BENJAMIN, GENERAL, AV.;COMUNA 15;PARQUE CHAS;EDENOR;23;NO;
301;-58,47894936;-34,57931132;HOGAR DE ANCIANOS DE S. MANGANARO;GRAL BENJAMIN VICTORIA;5366;ROMERO HUGO ALBERTO;15-5014-2402/15-5410-5368/4585-4681;ecocity@fibertel.com.ar;5366 VICTORICA, BENJAMIN, GENERAL, AV.;COMUNA 15;PARQUE CHAS;EDENOR;;;CAMBIO DE REPRESENTANTE TECNICO
421;-58,44894803;-34,57917969;OLZA SRL;OLLEROS;3288;SERPERO SILVINA;3526-5394/15-5713-8785;sserpero@asasconsultora.com.ar;3282/84/88/90 OLLEROS;COMUNA 13;COLEGIALES;EDENOR;;;
139;-58,48808154;-34,57894153;GER. LA LAGUNA DORADA;BARZANA;2138;LIZASO ESTEBAN;15-5057-4121;;;;;;;;
186;-58,49829171;-34,57879953;ESTABLECIMIENTO GER. CARACAS;CARACAS;5089;LIZASO ESTEBAN;15-5057-4121;;;;;;;;
141;-58,48425418;-34,5783885;LA LAGUNA AZUL;BAUNES;2045;LIZASO ESTEBAN;15-5057-4121;;;;;;;;
316;-58,45563872;-34,57838158;LOS ENEBROS S.A.;GREGORIA PEREZ;3460;CARNEVALE MABEL;5252-0909/15-5247-4239;arquitecta.mc@gmail.com;3460 PEREZ, GREGORIA;COMUNA 13;COLEGIALES;EDENOR;;;
314;-58,50257339;-34,57798383;URGE;GRAL. JOSE G. DE ARTIGAS;5393;RODRIGUEZ JOSE MARIA;15-6115-7062;josmar812003@yahoo.com.ar;5393 ARTIGAS, JOSE GERVASIO, GRAL.;COMUNA 12;VILLA PUEYRREDON;EDENOR;;;
374;-58,4737445;-34,57786816;RES. DEL LIBERTADOR S.R.L.;LUGONES;1678;CARNEVALE MABEL;5252-0909/15-5247-4239;arquitecta.mc@gmail.com;1678 LUGONES;COMUNA 15;VILLA ORTUZAR;EDENOR;;;
143;-58,48500389;-34,5776633;INST. GER. RENACER;BAUNESS;2112;SUAREZ MARCOS ANDRES;4502-5990/15-5744-9335;ingdavidcohen@arnet.com.ar;2112/2114 BAUNESS;COMUNA 12;VILLA URQUIZA;EDENOR;23;NO;
515;-58,45063634;-34,57765387;GER. STAR EN CASA;TEODORO GARCIA;3222;COEN VERONICA;15-5119-9964;;;;;;;;
234;-58,49660121;-34,57760658;RES. GER. HOSTAL CULLEN;CULLEN;5849;MINOTTI CARLOS AGUSTIN;4523-4889;carlosminotti@yahoo.com.ar;5849/51 CULLEN;COMUNA 12;VILLA URQUIZA;EDENOR;S/D;NO;
19;-58,49076788;-34,57722515;RES. AMISTADES;ALTOLAGUIRRE;2372;MINOTTI CARLOS AGUSTIN;4523-4889;carlosminotti@yahoo.com.ar;2372/74 ALTOLAGUIRRE;COMUNA 12;VILLA URQUIZA;EDENOR;S/D;NO;
242;-58,47142869;-34,57719089;GER. OTRO ESTILO;DONADO;1660;MINOTTI CARLOS AGUSTIN;4523-4889;carlosminotti@yahoo.com.ar;1660 DONADO;COMUNA 15;VILLA ORTUZAR;EDENOR;S/D;NO;
250;-58,49765089;-34,57709659;LOS DIAMANTES II;DR. P. IGNACIO RIVERA;5873;ROCCHI JOSE  R.;15-5713-7367;;;;;;;;
331;-58,47018605;-34,57700982;ESTABLECIMIENTO GER. NTRA SRA DE LOURDES;HOLMBERG;1630;LIZASO ESTEBAN;15-5057-4121;;;;;;;;
504;-58,43751272;-34,57691387;VULFO S.R.L.;SOLER;6083;QUINN GUILLERMO;15-6092-7719;quinnseg1@yahoo.com.ar;6083 SOLER;COMUNA 14;PALERMO;EDENOR;;;
289;-58,45039532;-34,57634597;SANTA CECILIA;FREIRE RAMON CAPITAN GRAL;834;KOFFMAN OSVALDO EUGENIO;;okoffman@garben.com.ar;834 FREIRE, RAMON, CAP. GRAL.;COMUNA 13;COLEGIALES;EDENOR;;;CAMBIO DE REPRESENTANTE TECNICO
36;-58,50740959;-34,57606837;EL REMANSO DE LOS ABUELOS SRL;AV ALBARELLOS;2673;DEVOTO JORGE DAVID;;jorgedavid.devoto@gmail.com;2673 ALBARELLOS AV.;COMUNA 12;VILLA PUEYRREDON;EDENOR;;;
516;-58,44977541;-34,57603144;SAN MARCOS;TEODORO GARCIA;3056;LIZASO ESTEBAN;15-5057-4121;;;;;;;;
102;-58,48916037;-34,57597373;MONROE;AV MONROE;5338;HOLM ALEJANDRO EDUAROO;15-5620-5960;ing_holm@yahoo.com;5338 MONROE AV.;COMUNA 12;VILLA URQUIZA;EDENOR;;;
200;-58,4529159;-34,575608;BEIT AVOT SRL;CESPEDES;3135;MINOTTI CARLOS AGUSTIN;4523-4889;carlosminotti@yahoo.com.ar;3135 CESPEDES;COMUNA 13;COLEGIALES;EDENOR;S/D;NO;
142;-58,48678386;-34,57557599;GER. LA CASONA DEL NONO;BAUNESS;2316;CERVERA ROBERTO HUGO;4545-7331;r_cervera@yahoo.com;2316 BAUNESS;COMUNA 12;VILLA URQUIZA;EDENOR;23;NO;
151;-58,48631844;-34,5755637;TU FAMILIA;BLANCO ENCALADA;5080;POLA GUSTAVO CESAR;15-6114-1974/4962-5306;ingpola@hotmail.com;5080 BLANCO ENCALADA;COMUNA 12;VILLA URQUIZA;EDENOR;;;
424;-58,48206983;-34,57554477;OLIMPIA RES. PARA MAYORES SRL;PACHECO;2124;MINOTTI CARLOS AGUSTIN;4523-4889;carlosminotti@yahoo.com.ar;2124 PACHECO;COMUNA 12;VILLA URQUIZA;EDENOR;S/D;NO;
52;-58,42302038;-34,57530013;LE PARC;AV CERVIÑO;4658;MINOTTI CARLOS AGUSTIN;4523-4889;carlosminotti@yahoo.com.ar;4658 CERVIÑOO AV.;COMUNA 14;PALERMO;EDENOR;S/D;NO;
253;-58,49395745;-34,57518657;STA MARIA DE MARIA ELENA AGUADERO;DR. P. IGNACIO RIVERA;5602;LIZASO ESTEBAN;15-5057-4121;;;;;;;;
101;-58,43108173;-34,57502621;RES. CASA AZUL;AV LUIS MARIA CAMPOS;180;MINOTTI CARLOS AGUSTIN;4523-4889;carlosminotti@yahoo.com.ar;180 CAMPOS, LUIS M. AV.;COMUNA 14;PALERMO;EDENOR;S/D;NO;
252;-58,49372221;-34,57494949;RES. GER. LA FUENTE AZUL;DR. P. IGNACIO RIVERA;5577;LIZASO ESTEBAN;15-5057-4121;;;;;;;;
201;-58,45202203;-34,57435464;ALU;CESPEDES;3016;ESPINOSA JOSE CARLOS;15-6050-7553;ing.josecespinosa@gmail.com;3016 CESPEDES;COMUNA 13;COLEGIALES;EDENOR;;;
204;-58,44210468;-34,5740596;GER. VITASOL DE BOZUGI S.RL.;CIUDAD DE LA PAZ;368;PFEFFERMAN RUBEN JULIO;;rup@telecentro.com.ar;368 CIUDAD DE LA PAZ;COMUNA 14;PALERMO;EDENOR;;;
206;-58,44210468;-34,5740596;MOHOO S.R.L.;CIUDAD DE LA PAZ;368;PFEFFERMAN RUBEN JULIO;;rup@telecentro.com.ar;368/376 CIUDAD DE LA PAZ;COMUNA 14;PALERMO;EDENOR;;;
225;-58,44672892;-34,57380366;MEDICAL VIEW SRL;CRAMER;668;MINOTTI CARLOS AGUSTIN;4523-4889;carlosminotti@yahoo.com.ar;668 CRAMER;COMUNA 13;COLEGIALES;EDENOR;S/D;SI;ESTABLECIMIENTO COMPLETO
548;-58,46598416;-34,57325007;FAUSTINO LUIS GARCIA;VIRREY DEL PINO;3599;MINOTTI CARLOS AGUSTIN;4523-4889;carlosminotti@yahoo.com.ar;3599 PINO, VIRREY DEL;COMUNA 13;BELGRANO;EDENOR;S/D;NO;
493;-58,43794715;-34,57294058;ANTAEUS;SANTOS DUMONT;2338;MAGGIO FABIAN ALEJANDRO;15-5029-4566;fmaggio@speedy.com.ar;2338 DUMONT, SANTOS;COMUNA 14;PALERMO;EDENOR;;;
48;-58,4395147;-34,57283812;HOGAR CONSTANZA S.A.;AV CABILDO;288;MINOTTI CARLOS AGUSTIN;4523-4889;carlosminotti@yahoo.com.ar;288 CABILDO AV.;COMUNA 14;PALERMO;EDENOR;S/D;SI;ASCENSORES, LUCES, BOMBAS Y HELADERA
62;-58,50454996;-34,57254565;AYELEN;AV DE LOS CONSTITUYENTES;5933;CERVERA ROBERTO HUGO;4545-7331;r_cervera@yahoo.com;5933 DE LOS CONSTITUYENTES AV.;COMUNA 12;VILLA URQUIZA;EDENOR;28;NO;
10;-58,49977805;-34,57247525;MACAMAX S.A.;AIZPURUA;3163;ZWIEBEL MARCELO;4703-5994/96;info@mzconsultores.com.ar;3163 AIZPURUA;COMUNA 12;VILLA URQUIZA;EDENOR;;;
546;-58,45480127;-34,57214557;VIDA DIGNA S.A.;VIRREY ARREDONDO;2960;MINOTTI CARLOS AGUSTIN;4523-4889;carlosminotti@yahoo.com.ar;2960 ARREDONDO, VIRREY;COMUNA 13;COLEGIALES;EDENOR;S/D;NO;
54;-58,49426838;-34,57197693;RES.  GER. URQUIZA;AV CONGRESO;5466;LIZASO ESTEBAN;15-5057-4121;;;;;;;;
166;-58,49212388;-34,57159114;LA CASA DEL SOL;BUCARELLI;2932;LIZASO ESTEBAN;15-5057-4121;;;;;;;;
551;-58,46800212;-34,57140069;SAN JOSE;WASHINGTON;1910;DIAZ CORIA BERNABE GUIDO;15-6093-4814;info@safetyargentina.com;1910 WASHINGTON;COMUNA 13;BELGRANO;EDENOR;40;NO;
254;-58,48638148;-34,57092147;GER. OSCAR DECAL;DR. P. IGNACIO RIVERA;4921;;;;4921/27 RIVERA, PEDRO I., DR.;COMUNA 12;VILLA URQUIZA;EDENOR;;;
184;-58,4605606;-34,57080978;GER. MARIA REYNA II;CAPITAN GRAL RAMON FREIRE;1673;ADRIANA MUÑIZ;15-6155-4283;aimuniz@hotmail.com;1673 FREIRE, RAMON, CAP. GRAL.;COMUNA 13;BELGRANO;EDENOR;;;
21;-58,48396738;-34,57077082;INST. GER. IRMA;ALVAREZ THOMAS;3291;LIZASO ESTEBAN;15-5057-4121;;;;;;;;
11;-58,50129289;-34,57075196;VILLA MAYOR RES. RUBEN S. ROISMAN;AIZPURUA;3338;FANDI? MARTIN SANTIAGO;15-5865-7958;msfandino@gmail.com;3338 AIZPURUA;COMUNA 12;VILLA URQUIZA;EDENOR;;;
63;-58,4587647;-34,57048243;APART INCAS S.A.;AV DE LOS INCAS;3093;MINOTTI CARLOS AGUSTIN;4523-4889;carlosminotti@yahoo.com.ar;3093 DE LOS INCAS AV.;COMUNA 13;BELGRANO;EDENOR;S/D;NO;
514;-58,44621972;-34,57045513;GER. SAN ROMAN S.R.L.;TEODORO GARCIA;2458;BLANCO RUBEN JOSE;15-4947-1562;;;;;;;;
207;-58,44794287;-34,57045426;RES. GER. LA MIRAGE;CIUDAD DE LA PAZ;950;LIZASO ESTEBAN;15-5057-4121;;;;;;;;
556;-58,45109547;-34,57043552;RES. PARA MAYORES HOGAR GER.;ZABALA;2675;BOIDI JOSE MARIA;4524-2197;;;;;;;;
183;-58,48992899;-34,57031321;CAMPOS MIGUEL ANGEL;CAPDEVILA;2940;SOUTO EDUARDO;15-4141-4077;eduardosouto@speedy.com.ar;2940 CAPDEVILA;COMUNA 12;VILLA URQUIZA;EDENOR;;;CAMBIO DE REPRESENTANTE TECNICO
387;-58,43995139;-34,57000148;GER. SAN BENITO DEL PILAR;MAURE;2175;ARIAS ANDRES LEONARDO;;hg_argentina@yahoo.com.ar;2175 MAURE;COMUNA 14;PALERMO;EDENOR;S/D;NO;
226;-58,45731859;-34,56994625;HOGAR SCHONBRUNN S.R.L.;CRAMER;1674;RASTELLI NESTOR;15-4478-9660;rastellin@yahoo.com.ar;1674 CRAMER;COMUNA 13;COLEGIALES;EDENOR;;;
205;-58,44869904;-34,56991393;BANG BIG SA;CIUDAD DE LA PAZ;1051;MINOTTI CARLOS AGUSTIN;4523-4889;carlosminotti@yahoo.com.ar;1051/57 CIUDAD DE LA PAZ;COMUNA 13;COLEGIALES;EDENOR;S/D;NO;
549;-58,45178384;-34,56983662;LIFE AND HEALTH S.R.L.;VIRREY LORETO;2656;ADRIANA MUÑIZ;15-6155-4283;aimuniz@hotmail.com;2656 LORETO, VIRREY;COMUNA 13;COLEGIALES;EDENOR;;;
9;-58,4474422;-34,56942007;BELGRANO;AGUILAR;2438;ADRIANA MUÑIZ;15-6155-4283;aimuniz@hotmail.com;2438 AGUILAR;COMUNA 13;COLEGIALES;EDENOR;;;
358;-58,46119244;-34,56885044;FERNANDEZ BEATRIZ AURELIA;LA PAMPA;3119;GOMEZ DANIEL A.;15-4071-6629;gomez_daniel28@yahoo.com.ar;3119 LA PAMPA;COMUNA 13;BELGRANO;EDENOR;20;NO;
270;-58,47377341;-34,56772018;SAN BENITO;ESTOMBA;2421;MINOTTI CARLOS AGUSTIN;4523-4889;carlosminotti@yahoo.com.ar;2421 ESTOMBA;COMUNA 12;VILLA URQUIZA;EDENOR;S/D;NO;
248;-58,4799726;-34,56771765;SAN ANTONIO;DR. P. IGNACIO RIVERA;4318;CERVERA ROBERTO HUGO;4545-7331;r_cervera@yahoo.com;4318 RIVERA, PEDRO I., DR.;COMUNA 12;VILLA URQUIZA;EDENOR;44;NO;
76;-58,44257443;-34,56765351;CENTRO GER. BELGRANO S.R.L.;AV FEDERICO LACROZE;2154;CERVERA ROBERTO HUGO;4545-7331;r_cervera@yahoo.com;2154 LACROZE, FEDERICO AV.;COMUNA 14;PALERMO;EDENOR;40;NO;
167;-58,49532352;-34,56744312;LAGUNA DORADA S.R.L.;BUCARELLI;3343;SZWEDAK JORGE LUIS;15-4426-2501;jszwedak@hotmail.com;3343 BUCARELLI;COMUNA 12;VILLA URQUIZA;EDENOR;27;NO;
295;-58,48706166;-34,56742508;GER. GALVAN (LAUBERGE S.A.);GALVAN;3052;MINOTTI CARLOS AGUSTIN;4523-4889;carlosminotti@yahoo.com.ar;3052 GALVAN;COMUNA 12;VILLA URQUIZA;EDENOR;S/D;SI;LUCES Y HELADERA
384;-58,46075291;-34,56723887;GER. MODELO DEL PALMAR S.A.;SUCRE;3001;MINOTTI CARLOS AGUSTIN;4523-4889;carlosminotti@yahoo.com.ar;3001/29 SUCRE, ANTONIO JOSE DE, MCAL.;COMUNA 13;BELGRANO;EDENOR;S/D;NO;
56;-58,4852268;-34,5671906;GER. SAN AGUSTIN;AV CONGRESO;4660;CUENCA GUILLERMO JUAN;4797-8032;guillermocuenca@gmail.com;4660 CONGRESO AV.;COMUNA 12;VILLA URQUIZA;EDENOR;;;
75;-58,44201836;-34,56708322;GER. SER VITAL;AV FEDERICO LACROZE;2074;MINOTTI CARLOS AGUSTIN;4523-4889;carlosminotti@yahoo.com.ar;2074 LACROZE, FEDERICO AV.;COMUNA 14;PALERMO;EDENOR;S/D;NO;
356;-58,464174;-34,5665219;ESTABLECIMIENTO GER.;JURAMENTO;3184;CERVERA ROBERTO HUGO;4545-7331;r_cervera@yahoo.com;3184 JURAMENTO;COMUNA 13;BELGRANO;EDENOR;18;NO;
255;-58,47694755;-34,56577312;INST. COGHLAN S.R.L;DR. P. IGNACIO RIVERA;3975;PFEFFERMAN RUBEN JULIO;;rup@telecentro.com.ar;3975 RIVERA, PEDRO I., DR.;COMUNA 12;COGHLAN;EDENOR;;;
555;-58,44505431;-34,56501011;GER. ZABALA;ZABALA;1945;ADRIANA MUÑIZ;15-6155-4283;aimuniz@hotmail.com;1945 ZABALA;COMUNA 13;BELGRANO;EDENOR;;;
22;-58,49902972;-34,56498097;EL HOGAR S.A.;ANDONAEGUI;3586;PERNOT MARIO;15-4147-2650;ingartec@arnet.com.ar;;;;;;;
416;-58,49496092;-34,56459132;EL JARDIN DE LOS ABUELOS;NUÑEZ;5346;LIZASO ESTEBAN;15-5057-4121;;;;;;;;
541;-58,46053218;-34,56390427;DE LOS SANTOS;VIDAL;2127;ROMAGNOLI;4301-6695;;;;;;;;
357;-58,45212144;-34,56367091;GER. RES. DEL SOL S.R.L.;LA PAMPA;2184;ROMAGNOLI;4301-6695;;;;;;;;
249;-58,46942189;-34,56152778;QUO VADIS DE NORBERTO CARUSO;DR. P. IGNACIO RIVERA;3238;ROMERO NESTOR DANIEL;15-5961-9164;nestoromero5@yahoo.com.ar;3238 RIVERA, PEDRO I., DR.;COMUNA 12;COGHLAN;EDENOR;;;
385;-58,44988854;-34,56081138;STELLA MARIS;MCAL ANTONIO JOSE DE SUCRE;1835;DALMASSO JUAN CARLOS;15-5726-7345/4786-3741;jcdalmasso@nat-safety.com;1835 SUCRE, ANTONIO JOSE DE, MCAL.;COMUNA 13;BELGRANO;EDENOR;;;CAMBIO DE REPRESENTANTE TECNICO
544;-58,46399867;-34,56003716;HOGAR MODELO VIDAL;VIDAL;2560;RODRIGUEZ JOSE MARIA;15-6115-7062;josmar812003@yahoo.com.ar;2560 VIDAL;COMUNA 13;BELGRANO;EDENOR;;;
251;-58,466197;-34,55972476;GER. SAN JORGE DE SERGIO MILLER;DR. P. IGNACIO RIVERA;2940;ROMAGNOLI;4301-6695;;;;;;;;
3;-58,45222962;-34,55905652;CLUB RES.L FLOR DE LIS;3 DE FEBRERO;2115;ALIMENA EDUARDO NAHUEL;15-4421-9217;nahuel@alimena.com.ar/lauraperezarias@sion.com;2115/21 3 DE FEBRERO;COMUNA 13;BELGRANO;EDENOR;;;
376;-58,46701994;-34,55900278;GERONTA S.A.;MANUEL UGARTE;2954;VITA EDUARDO;4790-4399;sivid@fibertel.com.ar;2954 UGARTE, MANUEL;COMUNA 13;BELGRANO;EDENOR;;;
57;-58,46936376;-34,55896851;CADOR;AV CONGRESO;3115;COLLADO RODRIGO;15-5893-8506;sanglarcollado@gmail.com;3115 CONGRESO AV.;COMUNA 12;COGHLAN;EDENOR;;;CAMBIO DE REPRESENTANTE TECNICO
542;-58,46525391;-34,55858085;GER. DEL SOL;VIDAL;2750;MINOTTI CARLOS AGUSTIN;4797-8032;carlosminotti@yahoo.com.ar;2750 VIDAL;COMUNA 13;BELGRANO;EDENOR;S/D;NO;
392;-58,47736845;-34,55844535;OYOLI S.A.;MELIAN;3250;ZWIEBEL MARCELO;4703-5994/96;info@mzconsultores.com.ar;3250 MELIAN AV.;COMUNA 12;COGHLAN;EDENOR;;;
377;-58,46601087;-34,55835399;NUEVA VIDA Y NUEVO HOGAR S.A.;MANUEL UGARTE;2845;MINOTTI CARLOS AGUSTIN;4523-4889;carlosminotti@yahoo.com.ar;2845 UGARTE, MANUEL;COMUNA 13;BELGRANO;EDENOR;S/D;NO;
339;-58,48756076;-34,55781659;GER. RENACER;JARAMILLO;4464;BRULLO LEONARDO;15-5750-2204;;;;;;;;
60;-58,46778744;-34,55725949;HOSTAL CRAMER S.R.L.;AV CRAMER;2966;ROMERO FACUNDO NICOLAS;15-5695-3957;fnromero@ciudad.com.ar;2966 CRAMER AV.;COMUNA 13;NUÑEZ;EDENOR;;;
417;-58,45658349;-34,55556746;ANGEL MIGUEL DELLA VECCNIA;O'HIGGINS;2555;ALIMENA EDUARDO NAHUEL;15-4421-9217;nahuel@alimena.com.ar/lauraperezarias@sion.com;2555 O'HIGGINS;COMUNA 13;BELGRANO;EDENOR;;;
55;-58,46182556;-34,55505606;NUR SA;AV CONGRESO;2337;CADEL ANDREA VIVIANA;4780-5554;acadel@hiseca.com.ar;2337 CONGRESO AV.;COMUNA 13;NUÑEZ;EDENOR;;;
227;-58,46987465;-34,55500813;MFM CRAMER S.R.L.;CRAMER;3216;LEDESMA GERARDO ARIEL;15-6397-5514;gledesma4@gmail.com;3216 CRAMER;COMUNA 13;NUÑEZ;EDENOR;43;SI;TODO EL ESTABLECIMIENTO INCLUIDO EL ASCENSOR
149;-58,45162915;-34,55483695;PARRA DANIEL;BLANCO ENCALADA;1630;PEREZ LIDIA HAYDEE;4636-3812/15-5825-5024;arqcongestion@yahoo.com;1630 BLANCO ENCALADA;COMUNA 13;BELGRANO;EDENOR;;;
269;-58,48635223;-34,55159331;MONICA BEATRIZ GURRIERI;ESTOMBA;4225;MINOTTI CARLOS AGUSTIN;4523-4889;carlosminotti@yahoo.com.ar;4225 ESTOMBA;COMUNA 12;SAAVEDRA;EDENOR;S/D;NO;
550;-58,46626511;-34,54937837;GUARANI;VUELTA DE OBLIGADO;3473;LIZASO ESTEBAN;15-5057-4121;;;;;;;;
433;-58,47592135;-34,54885998;CONGREGACION CASA DE HNAS DE LOS POBRES DE SANTA CATALINADE SIENA;PAROISSIEN;3057;CARRIERI MISAEL JOSE;15-4163-2400;misaelcarrieri@yahoo.com.ar;;;;;;;
545;-58,47278056;-34,5469235;HOGAR GER. BELGRANO R;VILELA;2672;GRIFFO MATIAS;15-5339-2274;mgriffo_2000@yahoo.com;2672 VILELA;COMUNA 12;SAAVEDRA;EDENOR;26;NO;
378;-58,46569563;-34,5456015;GER. MANZANARES DEL SOL;MANZANARES;2036;LIZASO ESTEBAN;15-5057-4121;;;;;;;;
185;-58,48246995;-34,54491963;AZUL AZUL;CAPITAN GRAL RAMON FREIRE;4662;ADRIANA MUÑIZ;15-6155-4283;aimuniz@hotmail.com;4662 FREIRE, RAMON, CAP. GRAL.;COMUNA 12;SAAVEDRA;EDENOR;;;
47;-58,47177437;-34,54416224;RES. CABILDO PAMI;AV CABILDO;4351;GAETA ALBERTO;4345-1275;;;;;;;;
538;-58,48424851;-34,5433239;DEL SOLAR;VEDIA;3250;LIZASO ESTEBAN;15-5057-4121;;;;;;;;
537;-58,47459285;-34,53976357;AMANECER;VEDIA;2371;COEN VERONICA;15-5119-9964;;;;;;;;
173;-58,50817378;-34,65377694;INST. GER. CAFAYATE SA;CAFAYATE;1542;GARCIA NORBERTO;15-5002-6993;ngarcia@gmasociados.com.ar;1542 CAFAYATE;COMUNA 09;MATADEROS;EDESUR;;;
266;-58,41906987;-34,65174475;RES. GER. RINCON DEL SOL DE ELBA DIANA CASCA;ESQUIU;1120;LIZASO ESTEBAN;15-5057-4121;;;;;;;;
365;-58,42474463;-34,64551509;SANTA PAULA;LAS PALMAS;2452;LIZASO ESTEBAN;15-5057-4121;;;;;;;;
508;-58,51757284;-34,64106354;RES. CASA DE LOS ABUELOS;TAFI;162;HERMIDA DIEGO RODOLFO;15-6520-6678;diego_hermida72@yahoo.com.ar;162 TAFI;COMUNA 09;LINIERS;EDESUR;9;NO;
93;-58,48483739;-34,63737227;LA CANELA;AV LACARRA;206;ROMERO NESTOR DANIEL;15-5961-9164;nestoromero5@yahoo.com.ar;206 LACARRA AV.;COMUNA 10;VELEZ SARSFIELD;EDESUR;;;
135;-58,52277639;-34,63737037;HOGAR FAMILIA BARRAGAN;BARRAGAN;264;BERCOVSKY JORGE EDUARDO;15-5827-0062;jorgeberco@yahoo.com.ar;264 BARRAGAN;COMUNA 09;LINIERS;EDESUR;;;
510;-58,46184155;-34,63493042;RES. EBEN-EZER;TANDIL;2508;LIZASO ESTEBAN;15-5057-4121;;;;;;;;
14;-58,39818981;-34,63351857;RES. GER. MI LUGAR;ALBERTI;2012;COLLADO RODRIGO;15-5893-8506;sanglarcollado@gmail.com;2012 ALBERTI;COMUNA 04;PARQUE PATRICIOS;EDESUR;;;CAMBIO DE REPRESENTANTE TECNICO
283;-58,45631639;-34,63335757;SAN BRUNO;FRANCISCO BILBAO;2124;LATAPIE LILIANA BEATRIZ;15-5414-8082;;;;;;;;
195;-58,41778649;-34,63332628;GER. SAGRADA FAMILIA;CASTRO BARROS;1728;ARIAS ANDRES LEONARDO;;hg_argentina@yahoo.com.ar;1728 CASTRO BARROS;COMUNA 05;BOEDO;EDESUR;S/D;NO;
309;-58,48627557;-34,63298881;GER. MIRAFLORES;GOYA;160;MINOTTI CARLOS AGUSTIN;15-6965-0448;carlosminotti@yahoo.com.ar;160 GOYA;COMUNA 10;VELEZ SARSFIELD;EDESUR;S/D;NO;
219;-58,4584179;-34,63120045;JORGE SANCHEZ RAMUNDO;CNEL ESTEBAN BONORINO;275;CARNEVALE MABEL;5252-0909/15-5247-4239;arquitecta.mc@gmail.com;275 BONORINO, ESTEBAN, CNEL. AV.;COMUNA 07;FLORES;EDESUR;;;
478;-58,47867084;-34,63091281;JUAN ANTONIO ALVAREZ FANEGO;SAN NICOLAS;159;CARNEVALE MABEL;5252-0909/15-5247-4239;arquitecta.mc@gmail.com;159 SAN NICOLAS;COMUNA 10;FLORESTA;EDESUR;;;
38;-58,48453446;-34,62966479;RUBEN CARLOS GENONI;AV AVELLANEDA;3967;GUELER RUBEN HORACIO;4833-5900;rgueler@ehslatam.com;3967 AVELLANEDA AV.;COMUNA 10;FLORESTA;EDESUR;49;SI;CUBRE LA TOTALIDAD DEL ESTABLECIMIENTO
415;-58,44215243;-34,62705883;EN CASA;NICOLAS E. VIDELA;530;BADALUCCO MARIANO;;consultoraprevention@gmail.com;530 VIDELA, NICOLAS E.;COMUNA 06;CABALLITO;EDESUR;S/D;NO;
261;-58,44346671;-34,62432143;NIVEL DE GERIHOGARES;EMILIO MITRE;223;LIZASO ESTEBAN;15-5057-4121;;;;;;;;
192;-58,42055285;-34,62167631;GER. L HIRONDELLE;CASTRO;825;GRIFFO MATIAS NICOLAS;15-5339-2274;mgriffo_2000@yahoo.com;825 CASTRO;COMUNA 05;BOEDO;EDESUR;23;NO;
434;-58,47474139;-34,62158547;EDITH;PJE JUAN F. DE LA ROBLA;990;MINOTTI CARLOS AGUSTIN;4523-4889;carlosminotti@yahoo.com.ar;990 ROBLA, JUAN F., DE LA;COMUNA 07;FLORES;EDESUR;;;
477;-58,4863067;-34,6206309;LE BOSQUET DE PICDAN S.R.L;SAN NICOLAS;1278;CERVERA ROBERTO HUGO;4545-7331;r_cervera@yahoo.com;1278 SAN NICOLAS;COMUNA 11;VILLA SANTA RITA;EDESUR;40;SI;HELADERA Y LAMPARAS
299;-58,46364074;-34,6205839;GER. GAVILAN;GAVILAN;772;ROMAGNOLI;4301-6695;;;;;;;;
244;-58,43461592;-34,61500723;GER. NEUQUEN;DR. GREGORIO ARAOZ ALFARO;258;ADRIANA MUÑIZ;15-6155-4283;aimuniz@hotmail.com;258 ARAOZ ALFARO, GREGORIO, DR;COMUNA 06;CABALLITO;EDESUR;;;
88;-58,46740963;-34,61112331;PABLO MANUEL ROSSETTI;AV JUAN B. JUSTO;4870;GOMEZ DANIEL A.;15-4071-6629;gomez_daniel28@yahoo.com.ar;4870 JUSTO, JUAN B. AV.;COMUNA 11;VILLA GRAL. MITRE;EDESUR;21;NO;
230;-58,44941711;-34,61045891;RUBEN RAMIRO PASCUAL MERAYO;CUCHA CUCHA;1026;MINOTTI CARLOS AGUSTIN;4523-4889;carlosminotti@yahoo.com.ar;1026/28 CUCHA CUCHA;COMUNA 06;CABALLITO;EDESUR;;;
18;-58,45942023;-34,6095955;HOGAR DEL ROSARIO;ALMIRANTE F. J. SEGUI;1429;PFEFFERMAN RUBEN JULIO;;rup@telecentro.com.ar;1429 SEGUI, F. J., ALTE.;COMUNA 06;CABALLITO;EDESUR;;;
518;-58,46620155;-34,60864341;GER. MARIA LUZ BRILLAND;TERRERO;1740;ROMERO NESTOR DANIEL;15-5961-9164;nestoromero5@yahoo.com.ar;1740 TERRERO;COMUNA 11;VILLA GRAL. MITRE;EDESUR;;;
86;-58,42356362;-34,60593838;PARA ADULTOS MAYORES NUEVOS TIEMPOS;AV J.D.PERON;4043;ROMAGNOLI;4301-6695;;;;;;;;
353;-58,43824953;-34,60196959;DEL JAZMIN;JULIAN ALVAREZ;224;LIZASO ESTEBAN;15-5057-4121;;;;;;;;
216;-58,48774615;-34,59999778;HOSTAL C.A.I.P. VILLA DEL PARQUE S.R.L.;CONDARCO;3038;KOFFMAN OSVALDO EUGENIO;;okoffman@garben.com.ar;3038 CONDARCO;COMUNA 11;VLLA DEL PARQUE;EDESUR;;;CAMBIO DE REPRESENTANTE TECNICO
476;-58,4935507;-34,59706981;BAFFICO HORACIO Y TORINO GUILLERMO;SAN MARTIN;5370;MOSQUERA ADRIAN HUGO;15-5990-7241;ahmosquera@yahoo.com.ar;5370 SAN MARTIN;COMUNA 11;VLLA DEL PARQUE;EDESUR;;;
294;-58,41149377;-34,59592038;SANTA SOFIA;GALLO;1268;MINOTTI CARLOS AGUSTIN;4523-4889;carlosminotti@yahoo.com.ar;1268/70 GALLO;COMUNA 02;RECOLETA;EDENOR;S/D;NO;
25;-58,40119216;-34,59350948;GERIALEPH;ARENALES;2445;UCAR ALFREDO E.;15-3617-3566;aucar32@yahoo.com.ar;2445 ARENALES;COMUNA 02;RECOLETA;EDESUR;;;
237;-58,44303922;-34,59233066;DR ALBERT SCHWEITZER;DARWIN;860;PICK PATRICIA;15-4400-0847;;;;;;;;
323;-58,4463853;-34,58857821;CLUB TINITENSE RES. ASTURIANA;GUEVARA;34;NOEL LEONARDO OSCAR;4943-6310/15-6563-6929;leo@leonoel.com.ar;34 GUEVARA;COMUNA 15;CHACARITA;EDENOR;;;CAMBIO DE REPRESENTANTE TECNICO
290;-58,40333354;-34,58850874;GERIFRENCH;FRENCH;2826;LIZASO ESTEBAN;15-5057-4121;;;;;;;;
531;-58,43188374;-34,58727159;INST. GER. DR. SILVA;URIARTE;1626;LIZASO ESTEBAN;15-5057-4121;;;;;;;;
148;-58,40684891;-34,58650204;INST. GER. DE REHAB. INTEGRAL I;BILLINGHURST;2180;MINOTTI CARLOS AGUSTIN;4523-4889;carlosminotti@yahoo.com.ar;2180 BILLINGHURST;COMUNA 02;RECOLETA;EDENOR;S/D;SI;CUBRE LAS NECESIDADES BASICAS DEL ESTABLECIMIENTO
168;-58,48755849;-34,58320789;RES. GER. NTRA SEÑORA DE LOURDES;BURELA;1862;LIZASO ESTEBAN;15-5057-4121;;;;;;;;
296;-58,4774607;-34,58157853;RES. GER. KFAR SABIM;GANDARA;2465;OKS HORACIO NARCISO;15-5012-0894;h_oks@hotmail.com;2465 GANDARA;COMUNA 15;PARQUE CHAS;EDENOR;;;
169;-58,48948945;-34,58056475;LAS GLICINAS;BURELA;2095;LIZASO ESTEBAN;15-5057-4121;;;;;;;;
364;-58,50513417;-34,57700465;GER. EL SOL;LARSEN;2594;CERVERA ROBERTO HUGO;4545-7331;r_cervera@yahoo.com;2594 LARSEN;COMUNA 12;VILLA PUEYRREDON;EDENOR;42;NO;
233;-58,49196877;-34,5751779;GER. MARIA CONTE MUR;CULLEN;5478;LIZASO ESTEBAN;15-5057-4121;;;;;;;;
409;-58,49436547;-34,57422172;PILAR VAZQUEZ LOPEZ DE VILARIÑO;NAHUEL HUAPI;5581;CARNEVALE MABEL;5252-0909/15-5247-4239;arquitecta.mc@gmail.com;5581 NAHUEL HUAPI;COMUNA 12;VILLA URQUIZA;EDENOR;;;
425;-58,48333501;-34,57413458;MIRABELLA TAIBI Y VILARIÑO S.R.L.;PACHECO;2271;MINOTTI CARLOS AGUSTIN;4523-4889;carlosminotti@yahoo.com.ar;2271/73 PACHECO;COMUNA 12;VILLA URQUIZA;EDENOR;S/D;NO;
150;-58,48339952;-34,57372771;RES. PARA ABUELOS MILAGROS DE MARIA;BLANCO ENCALADA;4781;FAVETTO GRACIELA CRISTINA;4753-2859;gracielafavetto@hotmail.com;4781 BLANCO ENCALADA;COMUNA 12;VILLA URQUIZA;EDENOR;;;
423;-58,48371122;-34,57366158;SANTA MARIA CAMIR;PACHECO;2325;FAVETTO GRACIELA CRISTINA;4753-2859;gracielafavetto@hotmail.com;2325 PACHECO;COMUNA 12;VILLA URQUIZA;EDENOR;;;
257;-58,46606974;-34,56905226;GER. SAN MARCOS;ECHEVERRIA;3434;LIZASO ESTEBAN;15-5057-4121;;;;;;;;
103;-58,47561444;-34,56794204;GER. EL SOLAR III;AV MONROE;4035;CERVERA ROBERTO HUGO;4545-7331;r_cervera@yahoo.com;4035 MONROE AV.;COMUNA 12;VILLA URQUIZA;EDENOR;14;NO;
533;-58,48594007;-34,56712149;SAN CONO;VALDENEGRO;3030;SOUTO EDUARDO;15-4141-4077;eduardosouto@speedy.com.ar;3030 VALDENEGRO;COMUNA 12;VILLA URQUIZA;EDENOR;;;CAMBIO DE REPRESENTANTE TECNICO
552;-58,4721866;-34,56648002;EL HOGAR DEL SOL;WASHINGTON;2470;MINOTTI CARLOS AGUSTIN;4523-4889;carlosminotti@yahoo.com.ar;2470 WASHINGTON;COMUNA 13;BELGRANO;EDENOR;S/D;NO;
228;-58,47040888;-34,55013916;GER. SAAVEDRA S.A.;CRISOLOGO LARRALDE;2625;MINOTTI CARLOS AGUSTIN;4523-4889;carlosminotti@yahoo.com.ar;2625 LARRALDE, CRISOLOGO;COMUNA 12;SAAVEDRA;EDENOR;S/D;SI;CUBRE LAS NECESIDADES BASICAS DEL ESTABLECIMIENTO
446;-58,47847771;-34,54212617;NTRA SEÑORA DE POMPEYA;PICO;2860;COEN VERONICA;15-5119-9964;;;;;;;;
53;-58,42594863;-34,64056854;ESTABLECIMIENTO GER. LA NONA;AV COBO;683;LIZASO ESTEBAN;15-5057-4121;;;;;;;;
106;-58,45177824;-34,62835206;GER. JHON-JHON;AV PEDRO GOYENA;1665;NAZARO JUAN JOSE MARIA;15-5429-8470;jjnazaro@yahoo.com.ar;1665 GOYENA, PEDRO AV.;COMUNA 06;CABALLITO;EDESUR;;;
297;-58,42397358;-34,60234555;RES. GER. SUIZA SA;GASCON;741;CASTRO MARIO GABRIEL;15-6496-6758;castromariog@gmail.com;741/45 GASCON;COMUNA 05;ALMAGRO;EDESUR;;;
332;-58,42137594;-34,60180446;INST. GER. DEL SOL;HUMAHUACA;4037;RASTELLI NESTOR;15-4478-9660;rastellin@yahoo.com.ar;4037 HUMAHUACA;COMUNA 05;ALMAGRO;EDESUR;;;
475;-58,4044782;-34,59990847;RES. GER. OLDMAN SA;SAN LUIS;2726;GARCIA NORBERTO G.;;ngarcia@gmasociados.com.ar;2726 SAN LUIS;COMUNA 03;BALVANERA;EDESUR;;;
27;-58,40752127;-34,58973176;EL VITRAL;ARENALES;3051;LIZASO ESTEBAN;15-5057-4121;;;;;;;;
543;-0,058471624;-34,55139456;AVRIL;VIDAL;3568;ADRIANA MUÑIZ;15-6155-4283;aimuniz@hotmail.com;3568 VIDAL;COMUNA 13;NUÑEZ;EDENOR;;;
306;-58,44166196;-34,61752626;GER. FERPANO S A;GIORDANO BRUNO;845;GALLOTTO FERNANDO H.;15-4993-2814;;;;;;;;
147;-58,51119978;-34,61822913;HOGAR DE ANCIANOS;BERMUDEZ;2226;SOLA EMILIO;15-5378-3931;solaemilio@ciudad.com.ar;2226 BERMUDEZ;COMUNA 10;MONTE CASTRO;EDESUR;;;
104;-58,47234481;-34,62452988;SAN GENARO II;AV NAZCA;663;CARNEVALE MABEL;5252-0909/15-5247-4239;arquitecta.mc@gmail.com;663 NAZCA AV.;COMUNA 07;FLORES;EDESUR;;;
444;-58,37404523;-34,62507468;RES. PERU PAMI;PERU;1457;MAGNIN MARIO EDUARDO;;m_magnin@siconsultores.com.ar;1457 PERU;COMUNA 01;SAN TELMO;EDESUR;;;
209;-58,41160242;-34,62641578;CARPE DIEM;COCHABAMBA;3279;RASTELLI NESTOR;15-4478-9660;rastellin@yahoo.com.ar;3279/85 COCHABAMBA;COMUNA 03;SAN CRISTOBAL;EDESUR;;;
