WKT;ID_DATA;ID_AREA;OBJETO;NOMBRE;ETAPA;AÑO;CALLE_A;ALTURA_DES;ALTURA_HAS;DIRECCIONN;CALLE;ALTURA;GEOCODIFIC;BARRIO;COMUNA;CODIGO_POS;CODIGO_P_1
MULTILINESTRING ((-58.410346415786 -34.6104395696118,-58.4102338655586 -34.611568646863,-58.4100709731449 -34.6126929836133,-58.4098725278977 -34.6139949869847,-58.4096803244927 -34.615250371083,-58.4094551651105 -34.6166133496894));1;3;SENDERO SEGURO;BALVANERA;V;2009;GRAL. URQUIZA;1;300;URQUIZA, GRAL. 1;URQUIZA, GRAL.;1;POINT(104852.867679 102077.164424);BALVANERA;COMUNA 3;1215;C1215ADA
MULTILINESTRING ((-58.450767442942 -34.5886907209532,-58.4505260484868 -34.5879360892692,-58.4502126511772 -34.5869536235493,-58.4498821535884 -34.5859171387924,-58.4495536216204 -34.5848876252926,-58.4492162465246 -34.5838298691648,-58.4488741139486 -34.5827575333182));2;5;SENDERO SEGURO;CHACARITA;V;2009;AV. JORGE NEWBERY;3500;4000;NEWBERY, JORGE AV. 3500;NEWBERY, JORGE AV.;3500;POINT(101333.190646 105167.75882);CHACARITA;COMUNA 15;1427;C1427EGN
MULTILINESTRING ((-58.5238258626245 -34.6380311945163,-58.523929777403 -34.6370562099501));3;5;SENDERO SEGURO;LINIERS NORTE;V;2009;GALLARDO;100;200;GALLARDO, ANGEL AV. 100;GALLARDO, ANGEL AV.;100;POINT(102712.246848 102920.128584);CABALLITO;COMUNA 6;1405;C1405DJN
MULTILINESTRING ((-58.4488741139486 -34.5827575333182,-58.4498103146017 -34.5824078326367,-58.4507054629109 -34.5820735438975,-58.4517121548291 -34.5817032712634));4;6;SENDERO SEGURO;CHACARITA;V;2009;AV. CORDOBA;6300;6500;CORDOBA AV. 6300;CORDOBA AV.;6300;POINT(101341.210532 105139.423522);CHACARITA;COMUNA 15;1427;C1427BZP
MULTILINESTRING ((-58.4517121548291 -34.5817032712634,-58.4522112679712 -34.5824740084416,-58.4527682650348 -34.5833341114226,-58.4534314565327 -34.5843581710032,-58.4539715388945 -34.5851922049828,-58.4551181708949 -34.5869817040592,-58.4552186398493 -34.5872234095515,-58.4551759339148 -34.5873625743061));5;7;SENDERO SEGURO;CHACARITA;V;2009;AV. FEDERICO LACROZE;3600;4000;LACROZE, FEDERICO AV. 3600;LACROZE, FEDERICO AV.;3600;POINT(101076.042239 105281.389342);CHACARITA;COMUNA 15;1427;C1427EDN
MULTILINESTRING ((-58.3858297630612 -34.6223913045888,-58.3858064823325 -34.6235856680215,-58.3857997168824 -34.6239327468603));6;8;SENDERO SEGURO;CONSTITUCION I;V;2009;SAN JOSE;1200;1300;SAN JOSE 1200;SAN JOSE;1200;POINT(107108.038249 100770.853345);CONSTITUCION;COMUNA 1;1076;C1076AAX
MULTILINESTRING ((-58.3858297630612 -34.6223913045888,-58.3871795473438 -34.6224675728198,-58.3886597615404 -34.6225626424374,-58.3898883825629 -34.6226370067258,-58.3914884614186 -34.6227338353543));7;9;SENDERO SEGURO;CONSTITUCION I;V;2009;AV. SAN JUAN;1400;1700;SAN JUAN AV. 1400;SAN JUAN AV.;1400;POINT(107115.769121 100752.142234);CONSTITUCION;COMUNA 1;1148;C1148AAO
MULTILINESTRING ((-58.3914884614186 -34.6227338353543,-58.3914573717322 -34.6234255310576,-58.3914313327705 -34.6239884928374,-58.3913289767765 -34.625228616046));8;10;SENDERO SEGURO;CONSTITUCION I;V;2009;AV. ENTRE RIOS;1200;1300;ENTRE RIOS AV. 1200;ENTRE RIOS AV.;1200;POINT(106594.218834 100733.61732);CONSTITUCION;COMUNA 1;1080;C1080ABS
MULTILINESTRING ((-58.3913289767765 -34.625228616046,-58.3896529264239 -34.6250664212295,-58.3883890184899 -34.6249392450686,-58.3871870145495 -34.6248513912582));9;11;SENDERO SEGURO;CONSTITUCION I;V;2009;CONSTITUCION;1500;1700;CONSTITUCION 1500;CONSTITUCION;1500;POINT(106994.935582 100484.730406);CONSTITUCION;COMUNA 1;1151;C1151AAJ
MULTILINESTRING ((-58.3871870145495 -34.6248513912582,-58.3871789862534 -34.6240272737382,-58.387177874757 -34.6237503707199,-58.3871762755647 -34.6233519673075,-58.3871795473438 -34.6224675728198));10;12;SENDERO SEGURO;CONSTITUCION I;V;2009;PRES. LUIS SAENZ PEÑA;1200;1300;SAENZ PEÑA, LUIS, PRES. 1200;SAENZ PEÑA, LUIS, PRES.;1200;POINT(106984.413774 100762.526446);CONSTITUCION;COMUNA 1;1110;C1110AAX
MULTILINESTRING ((-58.3814423485273 -34.6197554122723,-58.3829769235567 -34.6197651574948));11;14;SENDERO SEGURO;CONSTITUCION II;V;2009;CARLOS CALVO;1100;NA;CALVO, CARLOS 1100;CALVO, CARLOS;1100;POINT(107516.925815 101048.29868);CONSTITUCION;COMUNA 1;1102;C1102AAV
MULTILINESTRING ((-58.3829769235567 -34.6197651574948,-58.3829689250665 -34.6210025895203,-58.3829610929787 -34.6222438947752,-58.3829507194254 -34.6239152127844));12;15;SENDERO SEGURO;CONSTITUCION II;V;2009;SALTA;1000;1200;SALTA 1000;SALTA;1000;POINT(107370.229024 101061.949943);CONSTITUCION;COMUNA 1;1074;C1074AAT
MULTILINESTRING ((-58.3829689250665 -34.6210025895203,-58.3843469943152 -34.6210500333395));13;16;SENDERO SEGURO;CONSTITUCION II;V;2009;HUMBERTO PRIMO;1200;NA;HUMBERTO PRIMO 1200;HUMBERTO PRIMO;1200;POINT(107379.657593 100910.443617);CONSTITUCION;COMUNA 1;1103;C1103ACX
MULTILINESTRING ((-58.5247616947386 -34.6323438746386,-58.5245465711062 -34.6330456970496,-58.5242315966157 -34.6344538600104));14;17;SENDERO SEGURO;LINIERS NORTE;V;2009;GALLARDO;300;500;GALLARDO 300;GALLARDO;300;POINT(94426.2107816 99242.797282);LINIERS;COMUNA 9;1408;C1408BSD
MULTILINESTRING ((-58.5228734244657 -34.6359476141484,-58.5227641630307 -34.6369716446086,-58.5226519367499 -34.6380235644716,-58.5225634911897 -34.6388528596771));15;19;SENDERO SEGURO;LINIERS NORTE;V;2009;BARRAGAN;1;400;BARRAGAN 1;BARRAGAN;1;POINT(94570.706206 98946.1122095);LINIERS;COMUNA 9;1408;C1408BVA
MULTILINESTRING ((-58.5101170449086 -34.621124715095,-58.5090238459497 -34.6219674882968,-58.5080569095863 -34.6227102716872));16;20;SENDERO SEGURO;MONTE CASTRO;V;2009;CERVANTES;1800;1900;CERVANTES 1800;CERVANTES;1800;POINT(95900.3877173 100716.769872);MONTE CASTRO;COMUNA 10;1407;C1407BHF
MULTILINESTRING ((-58.5090238459497 -34.6219674882968,-58.5083774482689 -34.6213992616341,-58.5077560830469 -34.6207901757536,-58.5068992441391 -34.6203450750801,-58.505968292457 -34.6198614629165,-58.5035275631945 -34.6185934886746,-58.5024287157579 -34.6180216482086));17;21;SENDERO SEGURO;MONTE CASTRO;V;2009;AV. ALVAREZ JONTE;4500;5000;ALVAREZ JONTE AV. 4500;ALVAREZ JONTE AV.;4500;POINT(96422.6145852 101249.021522);MONTE CASTRO;COMUNA 10;1407;C1407GOY
MULTILINESTRING ((-58.5088320107089 -34.6199918584567,-58.5083009917091 -34.6203898184826,-58.5077560830469 -34.6207901757536,-58.5076124395533 -34.6209223459994,-58.5068398237199 -34.6215074370684));18;22;SENDERO SEGURO;MONTE CASTRO;V;2009;BERMUDEZ;1800;1900;BERMUDEZ 1800;BERMUDEZ;1800;POINT(96018.9678583 100844.273123);MONTE CASTRO;COMUNA 10;1407;C1407BEF
MULTILINESTRING ((-58.5068398237199 -34.6215074370684,-58.5061746996418 -34.6211580666294,-58.505787171882 -34.6209613458395,-58.505512201654 -34.6208100690607));19;23;SENDERO SEGURO;MONTE CASTRO;V;2009;ALCARAZ;4900;NA;ALCARAZ 4900;ALCARAZ;4900;POINT(96139.7686514 100940.202996);MONTE CASTRO;COMUNA 10;1407;C1407GIP
MULTILINESTRING ((-58.505512201654 -34.6208100690607,-58.5058806430224 -34.619981248305,-58.5059687514843 -34.619862128413,-58.5064492471449 -34.6194364491797,-58.5069159976229 -34.6189635178278));20;24;SENDERO SEGURO;MONTE CASTRO;V;2009;ALLENDE;2100;2250;ALLENDE 2100;ALLENDE;2100;POINT(96128.6987462 100926.685943);MONTE CASTRO;COMUNA 10;1407;C1407CQD
MULTILINESTRING ((-58.5042685756129 -34.6202387186658,-58.5046595814689 -34.6193697515726,-58.504745906073 -34.619226436445,-58.5048231915869 -34.6191296163402,-58.505686662869 -34.6183183006861));21;25;SENDERO SEGURO;MONTE CASTRO;V;2009;BENITO JUAREZ;2100;2200;JUAREZ, BENITO 2100;JUAREZ, BENITO;2100;POINT(96242.9673692 100990.087666);MONTE CASTRO;COMUNA 10;1407;C1407CRH
MULTILINESTRING ((-58.4604616631297 -34.5514279816736,-58.4605389526894 -34.5513612194101,-58.4606584623734 -34.5512367086551,-58.4610318001343 -34.5508490907156,-58.4611242403136 -34.5507511296498,-58.4612066361633 -34.5506639435384,-58.4616750469617 -34.5501300503117,-58.4617731886473 -34.5500146231892,-58.4618629033593 -34.549909125968,-58.4620861677639 -34.549642847284,-58.4623942924534 -34.5492707888385),(-58.463366914812 -34.5486934364841,-58.4627863943566 -34.5494644816348));22;27;SENDERO SEGURO;NUÑEZ;V;2009;O'HIGGINS;3000;3400;O'HIGGINS 3000;O'HIGGINS;3000;POINT(100264.370248 108624.772212);NUÑEZ;COMUNA 13;1429;C1429BBD
MULTILINESTRING ((-58.4585753574694 -34.5494765038096,-58.4591482266024 -34.5486938092096,-58.4597076125515 -34.5479291374907,-58.4602836334337 -34.5471426374613,-58.4608510231725 -34.5463660615131));23;28;SENDERO SEGURO;NUÑEZ;V;2009;11 DE SEPTIEMBRE;3100;3400;11 DE SEPTIEMBRE DE 1888 3100;11 DE SEPTIEMBRE DE 1888;3100;POINT(100435.362069 108840.758004);NUÑEZ;COMUNA 13;1429;C1429BIF
MULTILINESTRING ((-58.4881721205818 -34.6034944340086,-58.4892239319753 -34.6041064864935,-58.4905436802342 -34.6048744607651,-58.4918511852173 -34.6056352402175));24;29;SENDERO SEGURO;PLAZA A. DEL VALLE;V;2009;MARCOS SASTRE;2900;3100;SASTRE, MARCOS 2900;SASTRE, MARCOS;2900;POINT(97730.0507671 102860.721063);VILLA DEL PARQUE;COMUNA 11;1417;C1417FYF
MULTILINESTRING ((-58.4918511852173 -34.6056352402175,-58.4926697179121 -34.6047155004287));25;30;SENDERO SEGURO;PLAZA A. DEL VALLE;V;2009;CUENCA;2600;NA;CUENCA 2600;CUENCA;2600;POINT(97384.1247781 102610.912933);VILLA DEL PARQUE;COMUNA 11;1417;C1417AAH
MULTILINESTRING ((-58.4926697179121 -34.6047155004287,-58.4913419454252 -34.6039446635886,-58.4899996303769 -34.6031653644267,-58.4889821558653 -34.602575002104));26;31;SENDERO SEGURO;PLAZA A. DEL VALLE;V;2009;BAIGORRIA;2900;3100;BAIGORRIA 2900;BAIGORRIA;2900;POINT(97655.0182521 102963.679619);VILLA DEL PARQUE;COMUNA 11;1417;C1417FRD
MULTILINESTRING ((-58.4889821558653 -34.602575002104,-58.4881721205818 -34.6034944340086));27;32;SENDERO SEGURO;PLAZA A. DEL VALLE;V;2009;NAZCA;2800;NA;NAZCA AV. 2800;NAZCA AV.;2800;POINT(97716.9674312 102845.206389);VILLA DEL PARQUE;COMUNA 11;1417;C1417CUQ
MULTILINESTRING ((-58.494715746012 -34.5969477125186,-58.4939401970812 -34.5979916863318,-58.493161646892 -34.5990329092075,-58.4926042384734 -34.5997778644163,-58.4919584551413 -34.6006376313314));28;33;SENDERO SEGURO;PLAZA WILLIAMS;V;2009;ARGERICH;3100;3300;ARGERICH 3100;ARGERICH;3100;POINT(97373.9001515 103165.494919);VILLA DEL PARQUE;COMUNA 11;1417;C1417CTB
MULTILINESTRING ((-58.4919584551413 -34.6006376313314,-58.4926177179409 -34.60102931741,-58.4938120584386 -34.6017439755218,-58.494640611108 -34.602236808334));29;34;SENDERO SEGURO;PLAZA WILLIAMS;V;2009;NAZARE;3000;3100;NAZARRE 3000;NAZARRE;3000;POINT(97383.0888464 103177.033657);VILLA DEL PARQUE;COMUNA 11;1417;C1417DWJ
MULTILINESTRING ((-58.494640611108 -34.602236808334,-58.4953411142678 -34.6013029255003,-58.4953821446059 -34.6012482645491,-58.495845732444 -34.6006302286118,-58.4966251165779 -34.5995911718395,-58.4974020113526 -34.5985518289249));30;35;SENDERO SEGURO;PLAZA WILLIAMS;V;2009;CUENCA;3000;3300;CUENCA 3000;CUENCA;3000;POINT(97126.2193191 102986.957776);VILLA DEL PARQUE;COMUNA 11;1417;C1417AAP
MULTILINESTRING ((-58.4103673189563 -34.6247714226737,-58.4104730095522 -34.623738897425,-58.4105478217858 -34.6229839283785,-58.4105884172175 -34.6226937699916,-58.4107613727618 -34.6215727486601,-58.4107892398515 -34.6206860081496,-58.41081180831 -34.6203362482643));31;37;SENDERO SEGURO;SAN CRISTOBAL I;V;2009;24 DE NOVIEMBRE;800;1100;24 DE NOVIEMBRE 800;24 DE NOVIEMBRE;800;POINT(104817.871471 101000.834175);BALVANERA;COMUNA 3;1224;C1224AAF
MULTILINESTRING ((-58.4872055132988 -34.5736463196839,-58.4880621740339 -34.5729802711977,-58.4888773680194 -34.5723464804327));32;39;SENDERO SEGURO;VILLA URQUIZA I;V;2009;AV. TRIUNVIRATO;4800;4900;TRIUNVIRATO AV. 4800;TRIUNVIRATO AV.;4800;POINT(97817.9497001 106146.02095);VILLA URQUIZA;COMUNA 12;1431;C1431FCN
MULTILINESTRING ((-58.48903158326 -34.5713505594418,-58.4896968677135 -34.5717157719502,-58.4901612418501 -34.571970689293));33;41;SENDERO SEGURO;VILLA URQUIZA I;V;2009;NAHUEL HUAPI;5100;NA;NAHUEL HUAPI 5100;NAHUEL HUAPI;5100;POINT(97658.3869124 106431.431212);VILLA URQUIZA;COMUNA 12;1431;C1431BTL
MULTILINESTRING ((-58.4895586939313 -34.5727202920914,-58.4888773680194 -34.5723464804327,-58.4884297961657 -34.5721009312623));34;42;SENDERO SEGURO;VILLA URQUIZA I;V;2009;DR. PEDRO I RIVERA;5100;NA;RIVERA, PEDRO I., DR. 5100;RIVERA, PEDRO I., DR.;5100;POINT(97678.4909433 106324.692999);VILLA URQUIZA;COMUNA 12;1431;C1431BVL
MULTILINESTRING ((-58.488954659134 -34.573471843254,-58.4880662624226 -34.5729771094946));35;43;SENDERO SEGURO;VILLA URQUIZA I;V;2009;CULLEN;5100;NA;CULLEN 5100;CULLEN;5100;POINT(97738.8759743 106246.01189);VILLA URQUIZA;COMUNA 12;1431;C1431BXF
MULTILINESTRING ((-58.4883219901013 -34.5742590038583,-58.4872055132988 -34.5736463196839));36;44;SENDERO SEGURO;VILLA URQUIZA I;V;2009;AV. FRANKLIN D. ROOSEVELT;5100;NA;ROOSEVELT FRANKLIN D. AV. 5100;ROOSEVELT FRANKLIN D. AV.;5100;POINT(97823.6877102 106165.087916);VILLA URQUIZA;COMUNA 12;1431;C1431BZF
MULTILINESTRING ((-58.5114049622544 -34.658465672688,-58.5123244870963 -34.6590367971132,-58.5125448914113 -34.6591737020076,-58.5132539824239 -34.6595849520117,-58.5134793225296 -34.6597150733395,-58.5142014727186 -34.6601318949526));37;45;SENDERO SEGURO;BARRIO NAON;V;2009;AV. JUAN BAUTISTA ALBERDI;6900;7100;ALBERDI, JUAN BAUTISTA AV. 6900;ALBERDI, JUAN BAUTISTA AV.;6900;POINT(95604.7295731 96758.6312355);MATADEROS;COMUNA 9;1440;C1440ABT
MULTILINESTRING ((-58.5142014727186 -34.6601318949526,-58.5149504473962 -34.6595500104841,-58.5160353919765 -34.65871677051,-58.5171122222368 -34.6578896513361,-58.5183851220579 -34.6569120062919,-58.5197239220154 -34.6558840338677,-58.521286540362 -34.6546881878802));38;46;SENDERO SEGURO;BARRIO NAON;V;2009;MONTIEL;1500;2000;MONTIEL 1500;MONTIEL;1500;POINT(94679.8008611 97188.7975297);LINIERS;COMUNA 9;1408;C1408FWD
MULTILINESTRING ((-58.521286540362 -34.6546881878802,-58.5207629236794 -34.6544446284028,-58.5202453630779 -34.6542041624899,-58.5199089629612 -34.6540476964792,-58.5197181720368 -34.6539590508492,-58.519195076146 -34.6537159069093,-58.5181805209802 -34.653244387041,-58.5171458586447 -34.6527633603458));39;47;SENDERO SEGURO;BARRIO NAON;V;2009;AV. EMILIO CASTRO;7000;7300;CASTRO, EMILIO AV. 7000;CASTRO, EMILIO AV.;7000;POINT(95076.5876078 97391.2704468);MATADEROS;COMUNA 9;1408;C1408IGT
MULTILINESTRING ((-58.4457874549284 -34.6224064645983,-58.4455444199023 -34.6223587333027,-58.4443921999066 -34.6219164327319,-58.4441097466534 -34.6218157070116,-58.4427992150174 -34.6212913975143,-58.442213543894 -34.6210850391871,-58.4411003911771 -34.6208249655323));40;48;SENDERO SEGURO;CABALLITO I;V;2009;AV. RIVADAVIA;5500;5600;RIVADAVIA AV. 5500;RIVADAVIA AV.;5500;POINT(101896.818456 100884.167283);CABALLITO;COMUNA 6;1424;C1424CEW
MULTILINESTRING ((-58.4411003911771 -34.6208249655323,-58.4409481233482 -34.6219351883972,-58.4409234410806 -34.6221731499984,-58.4408453860439 -34.6228999217675));41;49;SENDERO SEGURO;CABALLITO I;V;2009;DEL BARCO CENTENERA;1;200;BARCO CENTENERA DEL 1;BARCO CENTENERA DEL;1;POINT(102026.124994 100980.786256);CABALLITO;COMUNA 6;1424;C1424AMA
MULTILINESTRING ((-58.4408453860439 -34.6228999217675,-58.4412055837967 -34.6228713228047,-58.4418775819355 -34.6228453821231,-58.4427588095993 -34.6228219369956,-58.4435474773604 -34.622978547653,-58.4436202219732 -34.6230184900098,-58.4449776683527 -34.6238181589663));42;50;SENDERO SEGURO;CABALLITO I;V;2009;AV. JUAN BAUTISTA ALBERDI;900;1100;ALBERDI, JUAN BAUTISTA AV. 900;ALBERDI, JUAN BAUTISTA AV.;900;POINT(102076.282112 100695.184421);CABALLITO;COMUNA 6;1424;C1424BYV
MULTILINESTRING ((-58.4449776683527 -34.6238181589663,-58.4457874549284 -34.6224064645983));43;51;SENDERO SEGURO;CABALLITO I;V;2009;VICTOR MARTINEZ;1;NA;MARTINEZ, VICTOR 1;MARTINEZ, VICTOR;1;POINT(101606.651552 100750.363586);CABALLITO;COMUNA 6;1406;C1406CDA
MULTILINESTRING ((-58.4427992150174 -34.6212913975143,-58.4418775819355 -34.6228453821231));44;52;SENDERO SEGURO;CABALLITO I;V;2009;CACHIMAYO;1;NA;CACHIMAYO 1;CACHIMAYO;1;POINT(101880.749481 100873.974808);CABALLITO;COMUNA 6;1424;C1424AQA
MULTILINESTRING ((-58.4443921999066 -34.6219164327319,-58.4436202219732 -34.6230184900098));45;53;SENDERO SEGURO;CABALLITO I;V;2009;EMILIO MITRE;1;NA;MITRE, EMILIO 1;MITRE, EMILIO;1;POINT(101734.466311 100804.25125);CABALLITO;COMUNA 6;1424;C1424AYA
MULTILINESTRING ((-58.4441105702809 -34.5703327147676,-58.4429651094258 -34.5693107301745,-58.442190702856 -34.568619797884,-58.4406009879308 -34.5672014304727,-58.4394138226273 -34.5661422197616));46;54;SENDERO SEGURO;PALERMO;V;2009;OLLEROS;1900;2300;OLLEROS AV. 1900;OLLEROS AV.;1900;POINT(102202.030181 106999.548414);PALERMO;COMUNA 14;1426;C1426CRH
MULTILINESTRING ((-58.3799471301116 -34.6422263434488,-58.379588028564 -34.641990880676,-58.378361801979 -34.6411867743938,-58.3770896168755 -34.6403525520769,-58.3766380409216 -34.6400564132207,-58.3763581681183 -34.6398728736195,-58.3758409588184 -34.6395336857487,-58.3756527156205 -34.639405563045,-58.3745800969684 -34.6386755007129));49;58;SENDERO SEGURO;BARRACAS I;V;2010;AV. SUAREZ;1700;2000;SUAREZ 1700;SUAREZ;1700;POINT(108145.389722 98948.0400892);BARRACAS;COMUNA 4;1288;C1288AEJ
MULTILINESTRING ((-58.4030463412726 -34.5929087237747,-58.40361345242 -34.5940778483423,-58.4041767556292 -34.5952347846596,-58.4045826561074 -34.5960739549252,-58.4051776664175 -34.5972328028365));50;59;SENDERO SEGURO;MONS. M. DE ANDREA;V;2010;ECUADOR;1000;1400;ECUADOR 1000;ECUADOR;1000;POINT(105286.234563 103454.901053);BALVANERA;COMUNA 3;1214;C1214ACP
MULTILINESTRING ((-58.4051776664175 -34.5972328028365,-58.4065068282 -34.5970025681595,-58.407366388157 -34.596636115773,-58.4084545908187 -34.59616376913));51;60;SENDERO SEGURO;MONS. M. DE ANDREA;V;2010;PARAGUAY;2600;2800;PARAGUAY 2600;PARAGUAY;2600;POINT(105339.201018 103546.795754);RECOLETA;COMUNA 2;1425;C1425BRB
MULTILINESTRING ((-58.4084545908187 -34.59616376913,-58.4078697717822 -34.5949902930953,-58.4072655505271 -34.5935629924578,-58.4060817091819 -34.592571424072,-58.4050989927959 -34.5917761440915));52;61;SENDERO SEGURO;MONS. M. DE ANDREA;V;2010;LAPRIDA;1100;1400;LAPRIDA 1100;LAPRIDA;1100;POINT(105021.506961 103664.11697);RECOLETA;COMUNA 2;1425;C1425EKB
MULTILINESTRING ((-58.4050989927959 -34.5917761440915,-58.4041695506589 -34.5925150972201,-58.4030463412726 -34.5929087237747));53;62;SENDERO SEGURO;MONS. M. DE ANDREA;V;2010;ARENALES;2600;2700;ARENALES 2600;ARENALES;2600;POINT(105539.342687 104022.091622);RECOLETA;COMUNA 2;1425;C1425BEB
MULTILINESTRING ((-58.4080382239602 -34.5861491723183,-58.4099320877053 -34.5855537140883,-58.4109636841051 -34.5852037894139));54;63;SENDERO SEGURO;PARQUE LAS HERAS;V;2010;JUNCAL;3100;3200;JUNCAL 3100;JUNCAL;3100;POINT(105047.901191 104727.299015);RECOLETA;COMUNA 2;1425;C1425AYN
MULTILINESTRING ((-58.4109636841051 -34.5852037894139,-58.4106531504821 -34.583942479252,-58.4103504401996 -34.5827128628407,-58.41018886833 -34.5822367175412));55;64;SENDERO SEGURO;PARQUE LAS HERAS;V;2010;JERONIMO SALGUERO;2300;2400;SALGUERO, JERONIMO 2300;SALGUERO, JERONIMO;2300;POINT(104790.184976 104883.916465);PALERMO;COMUNA 14;1425;C1425DET
MULTILINESTRING ((-58.5041959117623 -34.5728052116748,-58.5029945821657 -34.5735179684873,-58.502946747854 -34.5735492532063,-58.5022834843721 -34.5740611115876,-58.5017355389983 -34.5744839116381,-58.5014756928578 -34.5746844959261,-58.5006924033113 -34.5752920919199,-58.5001508266186 -34.575712770029,-58.4996569088552 -34.5760968100238));56;65;SENDERO SEGURO;VILLA PUEYRREDON;V;2010;AV. DE LOS CONSTITUYENTES;5400;5800;DE LOS CONSTITUYENTES AV. 5400;DE LOS CONSTITUYENTES AV.;5400;POINT(96666.745719 105885.875289);VILLA PUEYRREDON;COMUNA 12;1431;C1431EZR
MULTILINESTRING ((-58.5065456473399 -34.5756138757949,-58.5059169677774 -34.576309199753,-58.5052655568309 -34.5770295293776,-58.504611922137 -34.5777523915261,-58.5038036494065 -34.5786461544742));57;67;SENDERO SEGURO;VILLA PUEYRREDON;V;2010;BOLIVIA;5400;5700;ESTADO PLURINACIONAL DE BOLIVIA 5400;ESTADO PLURINACIONAL DE BOLIVIA;5400;POINT(96290.1787822 105600.490046);VILLA PUEYRREDON;COMUNA 12;1419;C1419DVD
MULTILINESTRING ((-58.505390743633 -34.5749513515048,-58.504789308731 -34.5756125925675,-58.5041367015308 -34.5763330575151,-58.503484593701 -34.5770530257472,-58.5026747831695 -34.5779470635402,-58.5020145654306 -34.5786759704287));58;68;SENDERO SEGURO;VILLA PUEYRREDON;V;2010;GRAL. EVARISTO ARTIGAS;5300;5700;ARTIGAS, JOSE GERVASIO, GRAL. 5300;ARTIGAS, JOSE GERVASIO, GRAL.;5300;POINT(96449.8378948 105600.471348);VILLA PUEYRREDON;COMUNA 12;1419;C1419EED
MULTILINESTRING ((-58.5042461856298 -34.5742567352759,-58.5036557911617 -34.5749109062058,-58.5030003701929 -34.5756319295106,-58.5023474058184 -34.576350272248,-58.5015397182431 -34.5772436680962,-58.500880858639 -34.5779729206332));59;69;SENDERO SEGURO;VILLA PUEYRREDON;V;2010;ZAMUDIO;5300;5700;ZAMUDIO 5300;ZAMUDIO;5300;POINT(96554.7690343 105679.215719);VILLA PUEYRREDON;COMUNA 12;1419;C1419EHF
MULTILINESTRING ((-58.5020145654306 -34.5786759704287,-58.500880858639 -34.5779729206332,-58.4997457229673 -34.5772687338456));60;73;SENDERO SEGURO;VILLA PUEYRREDON;V;2010;FRANCO;2300;2400;FRANCO 2300;FRANCO;2300;POINT(96669.477059 105773.448944);VILLA PUEYRREDON;COMUNA 12;1419;C1419FHB
MULTILINESTRING ((-58.5004057795969 -34.5765408954905,-58.4997457229673 -34.5772687338456));61;74;SENDERO SEGURO;VILLA PUEYRREDON;V;2010;CARACAS;5300;NA;CARACAS 5300;CARACAS;5300;POINT(96658.8933296 105757.365313);VILLA PUEYRREDON;COMUNA 12;1419;C1419ELF
MULTILINESTRING ((-58.3999308628127 -34.5850253673738,-58.399113769375 -34.5857625095029,-58.3982434884208 -34.5865471551136,-58.3972871234896 -34.5874092866259,-58.3972155519222 -34.5874615742895,-58.396517001776 -34.5880236143989,-58.3958578952087 -34.5885538398035));62;75;SENDERO SEGURO;BIBLIOTECA NACIONAL;V;2011;AV. GENERAL LAS HERAS;2200;2500;LAS HERAS GENERAL AV. 2200;LAS HERAS GENERAL AV.;2200;POINT(106192.291639 104497.005566);RECOLETA;COMUNA 2;1127;C1127AAQ
MULTILINESTRING ((-58.3958578952087 -34.5885538398035,-58.3966239062007 -34.5894871815039,-58.3974352073518 -34.5905694216391,-58.3981025511006 -34.5915071377594,-58.3987422774021 -34.592497584179));63;76;SENDERO SEGURO;BIBLIOTECA NACIONAL;V;2011;AZCUENAGA;1400;1700;AZCUENAGA 1400;AZCUENAGA;1400;POINT(105913.968714 104069.666469);RECOLETA;COMUNA 2;1115;C1115AAL
MULTILINESTRING ((-58.3987422774021 -34.592497584179,-58.3999587434338 -34.5920019989243,-58.4010325105609 -34.5915634444034,-58.4024227374833 -34.5909800313705,-58.403264076544 -34.5903535526893,-58.4043187705314 -34.5895668828382,-58.4052306791911 -34.5888891195732));64;77;SENDERO SEGURO;BIBLIOTECA NACIONAL;V;2011;JUNCAL;2200;2700;JUNCAL 2200;JUNCAL;2200;POINT(105930.33762 104070.009699);RECOLETA;COMUNA 2;1125;C1125ABB
MULTILINESTRING ((-58.4052306791911 -34.5888891195732,-58.4040544116892 -34.5880333848972,-58.4029804729047 -34.5872502270234,-58.4019086822124 -34.5864683283363,-58.4011773432549 -34.5859347008754,-58.3999308628127 -34.5850253673738));65;78;SENDERO SEGURO;BIBLIOTECA NACIONAL;V;2011;AUSTRIA;2000;2400;AUSTRIA 2000;AUSTRIA;2000;POINT(105315.985537 104475.224936);RECOLETA;COMUNA 2;1425;C1425EGF
MULTILINESTRING ((-58.4032549626568 -34.5903603391624,-58.4050989927959 -34.5917761440915));66;79;SENDERO SEGURO;BIBLIOTECA NACIONAL;V;2011;LAPRIDA;1500;1600;LAPRIDA 1500;LAPRIDA;1500;POINT(105328.556982 104153.852867);RECOLETA;COMUNA 2;1425;C1425EKJ
MULTILINESTRING ((-58.4024227374833 -34.5909800313705,-58.4030463412726 -34.5929087237747));67;80;SENDERO SEGURO;BIBLIOTECA NACIONAL;V;2011;ECUADOR;1500;1600;ECUADOR 1500;ECUADOR;1500;POINT(105519.741714 104023.878675);RECOLETA;COMUNA 2;1425;C1425EUH
MULTILINESTRING ((-58.4758472257123 -34.5671582841675,-58.4761901838345 -34.5668491487193,-58.477177505783 -34.5659677293717,-58.4781481239549 -34.5651028540542,-58.4791182964409 -34.5642383230878,-58.4793119370044 -34.5640658244774));68;83;SENDERO SEGURO;COGHLAN;V;2011;TRONADOR;2500;2800;TRONADOR 2500;TRONADOR;2500;POINT(98911.2906846 106814.227582);VILLA URQUIZA;COMUNA 12;1430;C1430DKT
MULTILINESTRING ((-58.4771850437958 -34.5659642413909,-58.4780098639881 -34.5664720161482,-58.4789220979564 -34.5670250211442));69;84;SENDERO SEGURO;COGHLAN;V;2011;DR. PEDRO I. RIVERA;4000;4100;RIVERA, PEDRO I., DR. 4000;RIVERA, PEDRO I., DR.;4000;POINT(98743.6060551 107028.512366);COGHLAN;COMUNA 12;1430;C1430BFB
MULTILINESTRING ((-58.4780098639881 -34.5664720161482,-58.4788475709797 -34.5655270075678,-58.4796850036678 -34.5645822044105,-58.4799003447697 -34.5643720945603));70;85;SENDERO SEGURO;COGHLAN;V;2011;PLAZA;2700;2900;PLAZA 2700;PLAZA;2700;POINT(98652.8624305 106955.53162);VILLA URQUIZA;COMUNA 12;1430;C1430DHB
MULTILINESTRING ((-58.4292190258233 -34.6152573682969,-58.4290705015754 -34.6151671129493,-58.4288593667856 -34.6151041134644,-58.428428761923 -34.6150823538695,-58.4275467859868 -34.6150447072157,-58.4274398247404 -34.6149751668166,-58.4259678853787 -34.6149009270547,-58.424566222644 -34.6148317621246,-58.4230556145034 -34.6147588836336,-58.4216307905392 -34.6146820011178,-58.4203150726381 -34.6146156515492,-58.4188494039742 -34.6143248231404,-58.4186504420517 -34.6142768624219));74;90;SENDERO SEGURO;ALMAGRO I;V;2011;AV. HIPOLITO YRIGOYEN;3700;4400;YRIGOYEN, HIPOLITO AV. 3700;YRIGOYEN, HIPOLITO AV.;3700;POINT(104103.364341 101657.529005);ALMAGRO;COMUNA 5;1208;C1208ABQ
MULTILINESTRING ((-58.4203344206505 -34.6146145835942,-58.4203039047352 -34.6148221156421,-58.4200802020597 -34.6158436939234));75;91;SENDERO SEGURO;ALMAGRO I;V;2011;CASTRO BARROS;200;NA;CASTRO BARROS AV. 200;CASTRO BARROS AV.;200;POINT(103945.020899 101635.991106);ALMAGRO;COMUNA 5;1178;C1178AAD
MULTILINESTRING ((-58.4200802020597 -34.6158436939234,-58.4184713544907 -34.6157848797502));76;92;SENDERO SEGURO;ALMAGRO I;V;2011;AV. BELGRANO;3700;NA;BELGRANO AV. 3700;BELGRANO AV.;3700;POINT(104129.037675 101487.884599);ALMAGRO;COMUNA 5;1210;C1210AAR
MULTILINESTRING ((-58.4215830498293 -34.6157957572556,-58.4216307905392 -34.6146820011178,-58.4219418446753 -34.6135339655738,-58.421986634446 -34.6133922852801,-58.4224026178091 -34.6120757560471));77;93;SENDERO SEGURO;ALMAGRO I;V;2011;YAPEYU;1;200;YAPEYU 1;YAPEYU;1;POINT(103749.007523 101895.696393);ALMAGRO;COMUNA 5;1202;C1202ACA
MULTILINESTRING ((-58.4566932890911 -34.5620356604319,-58.455872306798 -34.5629889695563,-58.4550644174238 -34.563926921037,-58.4542490173556 -34.5648737401369));78;94;SENDERO SEGURO;BELGRANO R;V;2011;AV. CABILDO;1800;2000;CABILDO AV. 1800;CABILDO AV.;1800;POINT(100829.935083 107127.830084);BELGRANO;COMUNA 13;1426;C1426ABR
MULTILINESTRING ((-58.4542490173556 -34.5648737401369,-58.4552279893528 -34.5654467869719,-58.4561297621289 -34.5659747493708,-58.4570203090552 -34.5664960141074,-58.4579142723644 -34.5670193147802,-58.4579457360058 -34.5669825323147,-58.458017413328 -34.5670240628266,-58.4588884440882 -34.567545287566,-58.4596500466752 -34.5680034275495,-58.4599118335829 -34.5681593560976,-58.4603985469985 -34.5684490971698,-58.4606426771848 -34.5685891416262,-58.4609486898635 -34.5687646834081,-58.4619981614549 -34.569369861074,-58.463114481553 -34.5700233413982));79;95;SENDERO SEGURO;BELGRANO R;V;2011;LA PAMPA;2400;3200;LA PAMPA 2400;LA PAMPA;2400;POINT(100841.772153 107145.405175);BELGRANO;COMUNA 13;1428;C1428EAP
MULTILINESTRING ((-58.463114481553 -34.5700233413982,-58.4638792610752 -34.5691394248589,-58.4647002125529 -34.5681905700868,-58.465507779722 -34.567257062739));80;96;SENDERO SEGURO;BELGRANO R;V;2011;CONDE;1800;2000;CONDE 1800;CONDE;1800;POINT(100018.584915 106560.94704);BELGRANO;COMUNA 13;1426;C1426AZJ
MULTILINESTRING ((-58.465507779722 -34.567257062739,-58.4650285868305 -34.5669456185992,-58.464864978762 -34.566849278625,-58.4643960750079 -34.5665981811672,-58.4633585394895 -34.5659828824869,-58.4623242542986 -34.5653694764284,-58.4613019878367 -34.5647631746737,-58.4603469891519 -34.5641967969569,-58.4594554246944 -34.5636679502939,-58.4585661699483 -34.5631412099223,-58.4576742022377 -34.5626146741935,-58.4566932890911 -34.5620356604319));81;97;SENDERO SEGURO;BELGRANO R;V;2011;JURAMENTO;2400;3200;JURAMENTO AV. 2400;JURAMENTO AV.;2400;POINT(100619.767046 107455.974532);BELGRANO;COMUNA 13;1428;C1428DNN
MULTILINESTRING ((-58.4588884440882 -34.567545287566,-58.459664909439 -34.5666502701866,-58.4604884383324 -34.5657010208618,-58.4613019878367 -34.5647631746737,-58.4621297361293 -34.5638089138093));82;98;SENDERO SEGURO;BELGRANO R;V;2011;AV. CRAMER;1800;2100;CRAMER AV. 1800;CRAMER AV.;1800;POINT(100402.899305 106833.333485);BELGRANO;COMUNA 13;1426;C1426APD
MULTILINESTRING ((-58.4633585394895 -34.5659828824869,-58.4625506200799 -34.5669175026214));83;99;SENDERO SEGURO;BELGRANO R;V;2011;ZAPIOLA;2000;NA;ZAPIOLA 2000;ZAPIOLA;2000;POINT(100071.146848 106906.070538);BELGRANO;COMUNA 13;1428;C1428CXB
MULTILINESTRING ((-58.4625506200799 -34.5669175026214,-58.4632811025155 -34.5673508173948,-58.4635872247601 -34.5675319629735,-58.4647002125529 -34.5681905700868));84;100;SENDERO SEGURO;BELGRANO R;V;2011;ECHEVERRIA;3100;3200;ECHEVERRIA 3100;ECHEVERRIA;3100;POINT(100083.323749 106922.412938);BELGRANO;COMUNA 13;1428;C1428DSD
MULTILINESTRING ((-58.4543188625864 -34.5729940976971,-58.4533767289147 -34.573455105417,-58.4519523131046 -34.5741438204999,-58.4506068671535 -34.5749636590578,-58.4504508746233 -34.5750388579634));85;101;SENDERO SEGURO;COLEGIALES;V;2011;ZAPIOLA;900;1100;ZAPIOLA 900;ZAPIOLA;900;POINT(101189.301984 106003.55225);COLEGIALES;COMUNA 13;1426;C1426ATR
MULTILINESTRING ((-58.4543188625864 -34.5729940976971,-58.4551048755519 -34.5739994033177));86;102;SENDERO SEGURO;COLEGIALES;V;2011;VIRREY LORETO;3000;NA;LORETO, VIRREY 3000;LORETO, VIRREY;3000;POINT(100833.100962 106249.155801);COLEGIALES;COMUNA 13;1426;C1426DYD
MULTILINESTRING ((-58.454184102336 -34.5744921804341,-58.4549129179236 -34.5754284660322));87;103;SENDERO SEGURO;COLEGIALES;V;2011;ZABALA;3100;NA;ZABALA 3100;ZABALA;3100;POINT(100846.407194 106082.367961);COLEGIALES;COMUNA 13;1426;C1426DRF
MULTILINESTRING ((-58.4551048755519 -34.5739994033177,-58.454184102336 -34.5744921804341));88;104;SENDERO SEGURO;COLEGIALES;V;2011;CAP. GRAL. RAMON FREIRE;1100;NA;FREIRE, RAMON, CAP. GRAL. 1100;FREIRE, RAMON, CAP. GRAL.;1100;POINT(100854.787187 106058.079351);COLEGIALES;COMUNA 13;1426;C1426AVV
MULTILINESTRING ((-58.4549129179236 -34.5754284660322,-58.4543218023575 -34.5757082541136,-58.4532258008686 -34.5762164786798,-58.4516367522549 -34.5769029936837,-58.4514885056396 -34.5769749550199,-58.4505716870413 -34.5774199565175));89;105;SENDERO SEGURO;COLEGIALES;V;2011;CONDE;800;1000;CONDE 800;CONDE;800;POINT(101173.715745 105741.700745);COLEGIALES;COMUNA 13;1426;C1426AYP
MULTILINESTRING ((-58.4504508746233 -34.5750388579634,-58.4509742806874 -34.5760154295985,-58.4514885056396 -34.5769749550199,-58.4520099780933 -34.5779477891778,-58.4525283129596 -34.5789149162284,-58.4530206102592 -34.579833374865));90;106;SENDERO SEGURO;COLEGIALES;V;2011;PALPA;3000;3400;PALPA 3000;PALPA;3000;POINT(101188.367168 106022.986882);COLEGIALES;COMUNA 13;1426;C1426DPD
MULTILINESTRING ((-58.4530206102592 -34.579833374865,-58.4535334729496 -34.579668900562,-58.4548623254405 -34.5792427077374,-58.4553992781366 -34.57907048032,-58.4559708818933 -34.5789162813733));91;107;SENDERO SEGURO;COLEGIALES;V;2011;AV. ALVAREZ THOMAS;800;900;ALVAREZ THOMAS AV. 800;ALVAREZ THOMAS AV.;800;POINT(100901.586301 105488.426668);CHACARITA;COMUNA 15;1427;C1427CCU
MULTILINESTRING ((-58.4366161614609 -34.6042834190842,-58.4353007033833 -34.6036554527307,-58.435148359612 -34.6035749712168,-58.4339139196582 -34.6029596630065,-58.4338657209338 -34.602935847909,-58.4333340890232 -34.6026734576746,-58.4331418064901 -34.6025786189248,-58.4322406051487 -34.602133802967,-58.4321984682031 -34.602072452085));92;109;SENDERO SEGURO;PARQUE CENTENARIO;V;2011;AV. ANGEL GALLARDO;1;200;GALLARDO, ANGEL AV. 1;GALLARDO, ANGEL AV.;1;POINT(102841.795015 103011.133459);VILLA CRESPO;COMUNA 15;1405;C1405DJA
MULTILINESTRING ((-58.4321984682031 -34.602072452085,-58.4318949180359 -34.6020802634515,-58.4310693293737 -34.6021645624791,-58.4301707449631 -34.6022563015526));93;110;SENDERO SEGURO;PARQUE CENTENARIO;V;2011;AV. CORRIENTES;4600;NA;CORRIENTES AV. 4600;CORRIENTES AV.;4600;POINT(103051.813732 102985.400651);ALMAGRO;COMUNA 5;1195;C1195AAR
MULTILINESTRING ((-58.4301707449631 -34.6022563015526,-58.4304106634591 -34.6040348831653));95;112;SENDERO SEGURO;PARQUE CENTENARIO;V;2011;LAMBARE;900;NA;LAMBARE 900;LAMBARE;900;POINT(103011.235377 102789.278077);ALMAGRO;COMUNA 5;1185;C1185ABB
MULTILINESTRING ((-58.4315294891311 -34.6049437997883,-58.4323301474395 -34.6039281888892,-58.4333356702689 -34.6026709874146));96;114;SENDERO SEGURO;PARQUE CENTENARIO;V;2011;RIO DE JANEIRO;900;1000;RIO DE JANEIRO 900;RIO DE JANEIRO;900;POINT(102918.168629 102683.389262);CABALLITO;COMUNA 6;1405;C1405CCN
MULTILINESTRING ((-58.4315294891311 -34.6049437997883,-58.432631625348 -34.6054347285442,-58.4330261286218 -34.6056321426544));98;116;SENDERO SEGURO;PARQUE CENTENARIO;V;2011;FRANKLIN;1;NA;FRANKLIN 1;FRANKLIN;1;POINT(102894.001386 102693.727423);CABALLITO;COMUNA 6;1405;C1405DDA
MULTILINESTRING ((-58.4330261286218 -34.6056321426544,-58.4333752487813 -34.6052622022703,-58.4335282201417 -34.6051001069119,-58.4339381814657 -34.604796609718,-58.434100620408 -34.6046763540529,-58.4347506663188 -34.6044332505613,-58.4355601628035 -34.6042741410091,-58.4366161614609 -34.6042834190842));99;117;SENDERO SEGURO;PARQUE CENTENARIO;V;2011;AV. PATRICIAS ARGENTINAS;200;400;PATRICIAS ARGENTINAS AV. 200;PATRICIAS ARGENTINAS AV.;200;POINT(102790.608225 102523.150345);CABALLITO;COMUNA 6;1405;C1405BWO
MULTILINESTRING ((-58.411460570406 -34.650740957505,-58.4115206024102 -34.6507476480075,-58.412724424589 -34.6511009293752,-58.4136768381286 -34.6515535125597,-58.4142107804438 -34.6516432357553,-58.4152941234936 -34.6518120420705,-58.4160390279861 -34.6517861111822,-58.4162086750029 -34.6518260732506,-58.416370113703 -34.6520181213922));100;118;SENDERO SEGURO;POMPEYA;V;2011;TRAFUL;3600;3800;TRAFUL 3600;TRAFUL;3600;POINT(104763.005147 97612.9647668);NUEVA POMPEYA;COMUNA 4;1437;C1437HMF
MULTILINESTRING ((-58.411460570406 -34.650740957505,-58.4110714579514 -34.6516988500974,-58.4108834277608 -34.6521618122539));101;119;SENDERO SEGURO;POMPEYA;V;2011;CACHI;700;NA;CACHI 700;CACHI;700;POINT(104752.979824 97628.271401);NUEVA POMPEYA;COMUNA 4;1437;C1437DZD
MULTILINESTRING ((-58.4108834277608 -34.6521618122539,-58.409184357584 -34.651775574023));102;120;SENDERO SEGURO;POMPEYA;V;2011;LYNCH;3500;NA;LYNCH 3500;LYNCH;3500;POINT(104971.754486 97500.9992842);NUEVA POMPEYA;COMUNA 4;1437;C1437HOB
MULTILINESTRING ((-58.409184357584 -34.651775574023,-58.4087891629676 -34.6527340198826));103;121;SENDERO SEGURO;POMPEYA;V;2011;DIOGENES TABORDA;1100;NA;TABORDA, DIOGENES 1100;TABORDA, DIOGENES;1100;POINT(104962.348245 97513.6739673);NUEVA POMPEYA;COMUNA 4;1437;C1437EGD
MULTILINESTRING ((-58.4087891629676 -34.6527340198826,-58.4074054951187 -34.6517083699362,-58.4071627426812 -34.6515244072358,-58.4068073909594 -34.6512337873776,-58.4062370698858 -34.6507673135528,-58.4057200299482 -34.6503444128061,-58.4054437224725 -34.6501283284222,-58.4052271312789 -34.6502654887266,-58.4061092378913 -34.6510207125582,-58.4066802452069 -34.6514820462794,-58.4073018383428 -34.6520065007496,-58.4079471484644 -34.652504412581,-58.408601251854 -34.6529905639517,-58.4086971148261 -34.652878067913,-58.4087891629676 -34.6527340198826));104;122;SENDERO SEGURO;POMPEYA;V;2011;AV. AMANCIO ALCORTA;3200;3400;ALCORTA, AMANCIO AV. 3200;ALCORTA, AMANCIO AV.;3200;POINT(105356.232739 97685.1601609);NUEVA POMPEYA;COMUNA 4;1437;C1437HUO
MULTILINESTRING ((-58.4754959413785 -34.5393728584904,-58.4752157282286 -34.5397421222897,-58.4749273700107 -34.5399878354053,-58.474355983373 -34.5407599002593,-58.4737862880692 -34.5415297789865,-58.4732359839326 -34.5422734548528,-58.4726918820423 -34.5430086765349,-58.4720939035441 -34.5438167202264,-58.4715370166449 -34.5445693327527,-58.4710125433275 -34.5452789806659));105;123;SENDERO SEGURO;SAAVEDRA;V;2011;AV. CABILDO;4200;5000;CABILDO AV. 4200;CABILDO AV.;4200;POINT(99286.1370631 109301.64113);SAAVEDRA;COMUNA 12;1429;C1429AAZ
MULTILINESTRING ((-58.4710125433275 -34.5452789806659,-58.4717774551179 -34.5455540043587,-58.4720301032992 -34.5456378677915,-58.4724964559453 -34.5458022756562,-58.4735091769625 -34.5461593901662,-58.4745007973642 -34.546509033156,-58.4754840829159 -34.5468458514405,-58.476482270811 -34.5471789979623));106;124;SENDERO SEGURO;SAAVEDRA;V;2011;BESARES;2400;2900;BESARES 2400;BESARES;2400;POINT(99302.9734961 109316.955852);NUÑEZ;COMUNA 13;1429;C1429DIL
MULTILINESTRING ((-58.4754959413785 -34.5393728584904,-58.4755355694637 -34.5397640972357,-58.4754136616582 -34.5401209964544,-58.4750127032725 -34.540945689808,-58.4748182068763 -34.5413644617541,-58.4746232816722 -34.5417740076097,-58.4742210853881 -34.5425986631172,-58.4741210588232 -34.542803695012,-58.4738343670451 -34.5433913424255,-58.4734046644692 -34.5442179694566,-58.4730283933109 -34.5449269920541,-58.4728713680861 -34.5450142499874,-58.4724964559453 -34.5458022756562));107;125;SENDERO SEGURO;SAAVEDRA;V;2011;AV. SAN ISIDRO LABRADOR;4100;4800;SAN ISIDRO LABRADOR AV. 4100;SAN ISIDRO LABRADOR AV.;4100;POINT(99293.5428246 109196.485398);SAAVEDRA;COMUNA 12;1429;C1429ADO
MULTILINESTRING ((-58.4750127032725 -34.540945689808,-58.4760313299182 -34.5412784861547,-58.4769020374342 -34.5415629791042,-58.4779097845026 -34.54189216929,-58.4789117520651 -34.542221351908));108;126;SENDERO SEGURO;SAAVEDRA;V;2011;PICO;2500;2800;PICO 2500;PICO;2500;POINT(98936.6710324 109796.394989);SAAVEDRA;COMUNA 12;1429;C1429EFP
MULTILINESTRING ((-58.4789117520651 -34.542221351908,-58.4785029591585 -34.5430556706755,-58.478099518058 -34.5438789304232,-58.4777031307126 -34.5446877505574));109;127;SENDERO SEGURO;SAAVEDRA;V;2011;CONESA;4500;4700;CONESA 4500;CONESA;4500;POINT(98677.9337256 109371.704305);SAAVEDRA;COMUNA 12;1429;C1429AMF
MULTILINESTRING ((-58.4777031307126 -34.5446877505574,-58.4767047120388 -34.5443526419783));110;128;SENDERO SEGURO;SAAVEDRA;V;2011;RAMALLO;2800;NA;RAMALLO 2800;RAMALLO;2800;POINT(98780.5466286 109420.00446);SAAVEDRA;COMUNA 12;1429;C1429DUV
MULTILINESTRING ((-58.4767047120388 -34.5443526419783,-58.4771026404928 -34.543549881484));111;129;SENDERO SEGURO;SAAVEDRA;V;2011;CRAMER;4400;NA;CRAMER 4400;CRAMER;4400;POINT(98769.4687208 109408.832372);SAAVEDRA;COMUNA 12;1429;C1429AKF
MULTILINESTRING ((-58.478099518058 -34.5438789304232,-58.4771026404928 -34.543549881484,-58.4760969188161 -34.5432178674711,-58.4751809155647 -34.5429155557467,-58.4742210853881 -34.5425986631172));112;130;SENDERO SEGURO;SAAVEDRA;V;2011;ARIAS;2500;2800;ARIAS 2500;ARIAS;2500;POINT(99035.3211015 109624.699323);SAAVEDRA;COMUNA 12;1429;C1429DXP
MULTILINESTRING ((-58.4749010525748 -34.5456876874637,-58.4739054426715 -34.545358330692,-58.4728713680861 -34.5450142499874));113;131;SENDERO SEGURO;SAAVEDRA;V;2011;RUIZ HUIDOBRO;2500;2600;RUIZ HUIDOBRO 2500;RUIZ HUIDOBRO;2500;POINT(99145.5902778 109351.684126);SAAVEDRA;COMUNA 12;1429;C1429DNN
MULTILINESTRING ((-58.4021703724858 -34.6237804842333,-58.4018453480072 -34.6252012160836,-58.4015738999154 -34.6263902051941,-58.4013743671001 -34.6272083720922,-58.4013286903575 -34.627455610963,-58.4011008978525 -34.6286932841291));114;132;SENDERO SEGURO;SAN CRISTOBAL II;V;2013;AV. JUJUY;1200;1500;JUJUY AV. 1200;JUJUY AV.;1200;POINT(105613.010713 100619.322686);SAN CRISTOBAL;COMUNA 3;1229;C1229ABT
MULTILINESTRING ((-58.442590379703 -34.5963517815509,-58.4436850520033 -34.5972436818238,-58.444692297402 -34.598063443817,-58.4457067159008 -34.5988867900758));115;133;SENDERO SEGURO;VILLA CRESPO II;V;2013;SERRANO;100;500;SERRANO 100;SERRANO;100;POINT(101510.280199 103275.839631);VILLA CRESPO;COMUNA 15;1414;C1414DEB
MULTILINESTRING ((-58.4400879204057 -34.6032062543205,-58.4397731818506 -34.6030042865453,-58.4385107514931 -34.6021942938169,-58.4372881972797 -34.6014098605897));116;138;SENDERO SEGURO;VILLA CRESPO II;V;2013;JULIAN ALVAREZ;100;300;ALVAREZ, JULIAN 100;ALVAREZ, JULIAN;100;POINT(102146.504278 102911.475832);VILLA CRESPO;COMUNA 15;1414;C1414DRB
MULTILINESTRING ((-58.4400197594628 -34.5948338772402,-58.439208593386 -34.5957003773839,-58.4383513223256 -34.596614822429,-58.4374828725886 -34.5975397523646,-58.4365948087091 -34.5984855880798));117;143;SENDERO SEGURO;VILLA CRESPO I;V;2013;VERA;300;800;VERA 300;VERA;300;POINT(102501.420019 103148.724891);VILLA CRESPO;COMUNA 15;1414;C1414AOF
MULTILINESTRING ((-58.4898553886862 -34.5763254500438,-58.4887725587367 -34.5756914983857,-58.4883358889523 -34.5754358818702,-58.4877948549719 -34.575119003835,-58.4875653638895 -34.5749847273971,-58.4873358793914 -34.574850358746,-58.4866104277806 -34.5744256258068,-58.4863863060674 -34.5743189148243,-58.4861667793485 -34.5742205623356,-58.4854760848918 -34.5738251129445));118;146;SENDERO SEGURO;VILLA URQUIZA II;V;2012;MONROE;5000;5300;MONROE 5000;MONROE;5000;POINT(97977.7969526 106150.353074);VILLA URQUIZA;COMUNA 12;1431;C1431CAN
MULTILINESTRING ((-58.4854760848918 -34.5738251129445,-58.486104891425 -34.5730420732586));119;147;SENDERO SEGURO;VILLA URQUIZA II;V;2012;DIAZ COLODRERO;2400;NA;DIAZ COLODRERO 2400;DIAZ COLODRERO;2400;POINT(97964.8002287 106137.853167);VILLA URQUIZA;COMUNA 12;1431;C1431FLB
MULTILINESTRING ((-58.48539695703 -34.5749629225414,-58.4848324567054 -34.5746266738951,-58.4835889393523 -34.5738952421903));120;148;SENDERO SEGURO;VILLA URQUIZA II;V;2012;BLANCO ENCALADA;4800;4900;BLANCO ENCALADA 4800;BLANCO ENCALADA;4800;POINT(98152.1714473 106147.262189);VILLA URQUIZA;COMUNA 12;1431;C1431CDH
MULTILINESTRING ((-58.4863863060674 -34.5743189148243,-58.486324018216 -34.5744045652882,-58.48539695703 -34.5749629225414,-58.4851335680778 -34.5751159848252,-58.4842921341921 -34.5755802618096,-58.4827374103835 -34.5766201483195,-58.4814016095477 -34.5775149049923,-58.4801063911594 -34.5783919643425,-58.478988053197 -34.5791249662533));121;149;SENDERO SEGURO;VILLA URQUIZA II;V;2012;AV. TRIUNVIRATO;4100;4600;TRIUNVIRATO AV. 4100;TRIUNVIRATO AV.;4100;POINT(98567.7288429 105550.152274);PARQUE CHAS;COMUNA 15;1431;C1431FBQ
MULTILINESTRING ((-58.4801063911594 -34.5783919643425,-58.481283346514 -34.5790625230964,-58.4819324213555 -34.5794316633073));122;150;SENDERO SEGURO;VILLA URQUIZA II;V;2012;ECHEVERRIA;5000;NA;ECHEVERRIA 5000;ECHEVERRIA;5000;POINT(98468.0207631 105648.549371);VILLA URQUIZA;COMUNA 12;1431;C1431CMJ
MULTILINESTRING ((-58.4813962159807 -34.5775156630227,-58.4805787264221 -34.5765394942743,-58.4801247947827 -34.5760014386075,-58.4794743968118 -34.5752308632965));123;151;SENDERO SEGURO;VILLA URQUIZA II;V;2012;JURAMENTO;4800;4900;JURAMENTO 4800;JURAMENTO;4800;POINT(98529.7769966 105991.378456);VILLA URQUIZA;COMUNA 12;1431;C1431CKF
MULTILINESTRING ((-58.4805787264221 -34.5765394942743,-58.4817575391867 -34.5757463950954));124;152;SENDERO SEGURO;VILLA URQUIZA II;V;2012;PACHECO;2000;NA;PACHECO 2000;PACHECO;2000;POINT(98419.96835 105839.779695);VILLA URQUIZA;COMUNA 12;1431;C1431FID
MULTILINESTRING ((-58.4789220979564 -34.5670250211442,-58.47975988536 -34.5660802880816));125;2759;SENDERO SEGURO;COGHLAN;V;2011;HOLMBERG;2700;2800;HOLMBERG 2700;HOLMBERG;2700;POINT(98569.2701515 106894.2508);VILLA URQUIZA;COMUNA 12;1430;C1430DPB
MULTILINESTRING ((-58.4322886760823 -34.5957293432056,-58.4331712219325 -34.5947888189678,-58.43404190604 -34.5938608915411,-58.4348805388378 -34.592967106731,-58.4356068736834 -34.5921930141932));126;7529;SENDERO SEGURO;VILLA CRESPO I;V;2013;JUFRE;400;800;JUFRE 400;JUFRE;400;POINT(102846.59166 103708.928892);VILLA CRESPO;COMUNA 15;1414;C1414AYH
MULTILINESTRING ((-58.4365948087091 -34.5984855880798,-58.4355210800808 -34.5977982848671,-58.4344428563358 -34.5971081540819,-58.4333660127408 -34.5964189295563,-58.4322886760823 -34.5957293432056));127;8185;SENDERO SEGURO;VILLA CRESPO I;V;2013;AV SCALABRINI ORTIZ, RAUL;500;900;SCALABRINI ORTIZ, RAUL AV. 500;SCALABRINI ORTIZ, RAUL AV.;500;POINT(102435.535617 103416.074758);VILLA CRESPO;COMUNA 15;1414;C1414DNR
MULTILINESTRING ((-58.4372881972797 -34.6014098605897,-58.4381053037551 -34.6005831654908,-58.4387648845153 -34.5998743962771));128;8361;SENDERO SEGURO;VILLA CRESPO II;V;2013;DRAGO LUIS MARIA;300;500;DRAGO, LUIS MARIA 300;DRAGO, LUIS MARIA;300;POINT(102388.213837 103079.04301);VILLA CRESPO;COMUNA 15;1414;C1414AIF
MULTILINESTRING ((-58.4387648845153 -34.5998743962771,-58.4389452254232 -34.599734144448,-58.4397638136058 -34.5989746239817,-58.440692789635 -34.5981126491381,-58.4416521576658 -34.5972224318107,-58.442590379703 -34.5963517815508));129;8361;SENDERO SEGURO;VILLA CRESPO II;V;2013;AV. CORRIENTES;5200;5600;CORRIENTES AV. 5200;CORRIENTES AV.;5200;POINT(102256.537631 103248.40482);VILLA CRESPO;COMUNA 15;1414;C1414AJR
MULTILINESTRING ((-58.4424881233778 -34.6022200184197,-58.4422616103293 -34.6020542701706,-58.4424494642701 -34.6018348565316,-58.442832982948 -34.6014877936921,-58.4437928731256 -34.6006190398093,-58.4447483989096 -34.5997541509942,-58.4457067159007 -34.5988867900758));130;8957;SENDERO SEGURO;VILLA CRESPO II;V;2013;MURILLO;500;900;MUÑIZ 500;MUÑIZ;500;POINT(103320.884493 101118.202737);ALMAGRO;COMUNA 5;1234;C1234ABB
MULTILINESTRING ((-58.4401493359457 -34.6031809126155,-58.4412861555093 -34.6027120151625,-58.4413970598989 -34.6026662581934,-58.4414810473162 -34.6026316236275,-58.4424881233778 -34.6022200184197));131;8957;SENDERO SEGURO;VILLA CRESPO II;V;2013;AV. WARNES;200;400;WARNES AV. 200;WARNES AV.;200;POINT(102134.680465 102879.401178);VILLA CRESPO;COMUNA 15;1414;C1414AAO
MULTILINESTRING ((-58.5013000628126 -34.6189100700121,-58.5016588239331 -34.6186229036126,-58.5021902723787 -34.6181891259025,-58.5024287157579 -34.6180216482086,-58.5032128010751 -34.6172008683606,-58.5033122476962 -34.6170973104988));132;13877;SENDERO SEGURO;MONTE CASTRO;V;2009;AV. SEGUROLA;1900;2100;SEGUROLA AV. 1900;SEGUROLA AV.;1900;POINT(96518.8406097 101137.698784);MONTE CASTRO;COMUNA 10;1407;C1407AOL
MULTILINESTRING EMPTY;189;NA; ;CHACARITA;V;2009;AV. CORRIENTES;6600;6800;NA;NA;NA;NA;NA;NA;NA;NA
MULTILINESTRING ((-58.4731211705141 -34.5620650830306,-58.47401638072 -34.5626005201291,-58.4749789669397 -34.5631840029978,-58.4759135170893 -34.5637479156704,-58.4768257074344 -34.5643009365895,-58.4781481239549 -34.5651028540542,-58.4788475709797 -34.5655270075678,-58.47975988536 -34.5660802880816,-58.480674255303 -34.5666347586582));190;81;SENDERO SEGURO;COGHLAN;V;2011;NAHUEL HUAPI;3500;4200;NA;NA;NA;NA;NA;NA;NA;NA
MULTILINESTRING ((-58.4704391668561 -34.5648675898575,-58.4714228501289 -34.563839731635,-58.4721950705058 -34.5630328072525,-58.4731211705141 -34.5620650830306,-58.4738181147132 -34.561336749614));191;82;SENDERO SEGURO;COGHLAN;V;2011;ROQUE PEREZ;2500;2800;NA;NA;NA;NA;NA;NA;NA;NA
MULTILINESTRING ((-58.4559708818933 -34.5789162813733,-58.455289230166 -34.5775813972108,-58.4547876458668 -34.576605620421,-58.4543218023575 -34.5757082541136));192;108;SENDERO SEGURO;COLEGIALES;V;2011;GREGORIA PEREZ;3200;3400;NA;NA;NA;NA;NA;NA;NA;NA
MULTILINESTRING EMPTY;193;NA;SENDERO SEGURO;FIGUEROA ALCORTA;V;2011;AV. FIGUERAO ALCORTA;3300;3400;NA;NA;NA;NA;NA;NA;NA;NA
MULTILINESTRING ((-58.5242315966157 -34.6344538600104,-58.5241936043365 -34.6345807847016,-58.5228734244657 -34.6359476141484));194;18;SENDERO SEGURO;LINIERS NORTE;V;2009;FRAGUEIRO;300;NA;NA;NA;NA;NA;NA;NA;NA;NA
MULTILINESTRING ((-58.523929777403 -34.6370562099501,-58.5239297804213 -34.63705618163,-58.5227641848526 -34.6369716176558));195;5;SENDERO SEGURO;LINIERS NORTE;V;2009;BYNNON;6600;6700;NA;NA;NA;NA;NA;NA;NA;NA
MULTILINESTRING ((-58.4663417441955 -34.5512449816495,-58.4653317964171 -34.5507398433196,-58.4643916579414 -34.5502697677003,-58.4634499128058 -34.5497986988542,-58.4630181796263 -34.5495800291429,-58.4613225430589 -34.5487347180567,-58.4606414235426 -34.5483940407524,-58.4597089129448 -34.5479276615952,-58.4587649225401 -34.5474554295667,-58.4572935920612 -34.5467194936143));196;26;SENDERO SEGURO;NUÑEZ;V;2009;MANUELA PEDRAZA;1500;2300;NA;NA;NA;NA;NA;NA;NA;NA
MULTILINESTRING EMPTY;197;NA;SENDERO SEGURO;PALERMO;V;2009;3 DE FEBRERO;700;900;NA;NA;NA;NA;NA;NA;NA;NA
MULTILINESTRING ((-58.4974020113526 -34.5985518289249,-58.4960722411135 -34.5977604791558,-58.494715746012 -34.5969477125186));198;36;SENDERO SEGURO;PLAZA WILLIAMS;V;2009;JOSE PEDRO VARELA;3000;3100;NA;NA;NA;NA;NA;NA;NA;NA
MULTILINESTRING ((-58.5029945821657 -34.5735179684873,-58.5042461856298 -34.5742567352759,-58.5054003784691 -34.5749379151749,-58.5065456473399 -34.5756138757949));199;66;SENDERO SEGURO;VILLA PUEYRREDON;V;2010;AV. ALBARELLOS;2300;2500;NA;NA;NA;NA;NA;NA;NA;NA
MULTILINESTRING ((-58.5052655568309 -34.5770295293776,-58.5041367015308 -34.5763330575151,-58.5030003701929 -34.5756319295106,-58.5018696767208 -34.5749294509459,-58.5014793539669 -34.5746837116853));200;70;SENDERO SEGURO;VILLA PUEYRREDON;V;2010;LARSEN;2300;2500;NA;NA;NA;NA;NA;NA;NA;NA
MULTILINESTRING ((-58.504611922137 -34.5777523915261,-58.503484593701 -34.5770530257472,-58.5023474058184 -34.576350272248,-58.501419097824 -34.5757771883704,-58.5012149212258 -34.575650253177,-58.5006924033113 -34.5752920919199));201;71;SENDERO SEGURO;VILLA PUEYRREDON;V;2010;COCHRANE;2200;2500;NA;NA;NA;NA;NA;NA;NA;NA
MULTILINESTRING ((-58.5038036494065 -34.5786461544742,-58.5026747831695 -34.5779470635402,-58.5015397182431 -34.5772436680962,-58.5004057795969 -34.5765408954905,-58.4996569088552 -34.5760968100238));202;72;SENDERO SEGURO;VILLA PUEYRREDON;V;2010;BAZURCO;2200;2500;NA;NA;NA;NA;NA;NA;NA;NA
MULTILINESTRING ((-58.4901612418501 -34.571970689293,-58.4895586939313 -34.5727202920914,-58.488955199044 -34.5734711596893,-58.4883219901013 -34.5742590038583));203;38;SENDERO SEGURO;VILLA URQUIZA I;V;2009;BAUNESS;2500;2700;NA;NA;NA;NA;NA;NA;NA;NA
MULTILINESTRING ((-58.4884297961657 -34.5721009312623,-58.48903158326 -34.5713505594418));204;40;SENDERO SEGURO;VILLA URQUIZA I;V;2009;CAPDEVILA;2700;NA;NA;NA;NA;NA;NA;NA;NA;NA
MULTILINESTRING EMPTY;205;NA;SENDERO SEGURO;PIEDRA BUENA;V;2016;ZUVIRIA;6500;6600;NA;NA;NA;NA;NA;NA;NA;NA
MULTILINESTRING EMPTY;206;NA;SENDERO SEGURO;PIEDRA BUENA;V;2016;2 DE ABRIL DE 1982;6400;6700;NA;NA;NA;NA;NA;NA;NA;NA
